FIELD,FWHM_U,FWHM_F378,FWHM_F395,FWHM_F410,FWHM_F430,FWHM_G,FWHM_F515,FWHM_R,FWHM_F660,FWHM_I,FWHM_F861,FWHM_Z
MC0001,2.321,1.338,1.251,1.202,1.183,1.39,1.173,1.309,2.096,1.345,2.008,2.017
MC0002,1.41085,1.31672,1.28412,1.23989,1.2471,1.24788,1.15159,1.15495,1.11965,1.14379,1.0238,1.12763
MC0003,2.076,1.654,1.735,1.819,1.976,1.898,2.123,1.685,1.765,1.697,1.517,1.649
MC0004,1.674,1.565,1.5,1.466,1.452,1.64,1.396,1.517,1.366,1.389,1.102,1.156
MC0005,1.778,2.184,1.919,1.925,1.914,1.637,1.671,1.523,1.586,1.496,1.521,1.314
MC0006,1.571,1.469,1.577,1.592,1.928,1.404,1.401,1.31,1.299,1.204,1.124,1.178
MC0007,1.658,1.704,1.867,1.676,1.522,1.577,1.382,1.482,1.447,1.451,1.397,1.448
MC0008,1.506,2.007,2.043,2.018,2.098,1.512,2.008,1.424,1.348,1.3,1.347,1.284
MC0009,1.696,1.378,1.436,1.488,1.488,1.471,1.365,1.307,1.552,1.279,1.538,1.517
MC0010,1.483,1.474,1.439,1.431,1.442,1.423,1.388,1.282,1.388,1.258,1.265,1.257
MC0011,1.602,1.462,1.331,1.258,1.348,1.629,1.298,1.465,1.574,1.409,1.332,1.394
MC0012,1.738,1.939,2.167,2.534,2.194,1.623,1.848,1.446,1.311,1.348,1.209,1.223
MC0013,1.816,1.83,1.468,1.466,1.411,1.698,1.393,1.476,1.602,1.457,1.74,1.875
MC0014,1.409,1.563,1.575,1.512,1.665,1.338,1.481,1.285,1.3,1.205,1.122,1.085
MC0015,1.592,2.111,2.101,1.983,1.874,1.634,1.72,1.586,1.349,1.482,1.163,1.345
MC0016,1.943,1.715,1.856,1.656,1.595,1.65,1.485,1.504,1.706,1.477,1.784,1.699
MC0017,1.895,1.778,1.76,1.597,1.673,2.122,2.399,1.962,1.504,1.824,1.459,1.541
MC0018,1.751,1.955,1.948,1.816,1.86,1.5,1.946,1.431,1.313,1.312,1.284,1.236
MC0019,1.512,1.325,1.266,1.255,1.18,1.349,1.232,1.22,1.221,1.182,1.201,1.163
MC0020,1.529,1.531,1.416,1.413,1.412,1.438,1.323,1.286,1.171,1.202,1.149,1.205
MC0021,1.642,1.661,1.596,1.576,1.507,1.595,1.433,1.363,1.399,1.368,1.398,1.323
MC0022,1.755,1.464,1.434,1.436,1.377,1.665,1.249,1.482,1.548,1.34,1.412,1.44
MC0023,1.757,2.206,2.086,1.935,1.855,2.007,1.555,1.759,1.385,1.456,1.18,1.291
MC0024,1.909,1.571,1.564,1.483,1.518,1.637,1.447,1.618,1.358,1.359,1.139,1.211
MC0025,1.223,1.178,1.14,1.145,1.174,1.199,1.137,1.156,1.178,1.058,1.041,1.01
MC0026,1.651,1.674,1.716,1.527,1.48,1.53,1.515,1.431,1.365,1.299,1.239,1.345
MC0027,1.714,1.765,1.626,1.632,1.518,2.173,2.05,1.915,2.148,1.702,2.176,2.085
MC0028,1.76685,1.54896,1.45475,1.50927,1.5193,1.58379,1.37437,1.37089,1.4079,1.45536,1.46775,1.4768
MC0029,1.692,1.892,1.729,1.681,1.707,1.553,1.562,1.472,1.364,1.44,1.254,1.605
MC0030,1.919,1.454,1.386,1.345,1.29,1.63,1.257,1.532,1.511,1.384,1.551,1.578
MC0031,1.97165,1.74025,1.69766,1.69132,1.69809,1.71236,1.54276,1.40333,1.45983,1.61151,1.60265,1.78632
MC0032,1.561,1.483,1.504,1.376,1.381,1.447,1.312,1.351,1.242,1.324,1.113,1.18
MC0033,1.854,1.909,2.055,1.939,3.655,1.659,2.437,1.624,1.451,1.517,1.318,1.431
MC0034,1.334,1.921,1.727,1.708,1.607,1.464,1.509,1.35,1.219,1.231,1.129,1.208
MC0035,2.472,1.571,1.45,1.565,1.518,1.697,1.491,1.627,1.975,1.554,1.829,1.63
MC0036,2.063,1.994,1.752,1.718,1.653,1.884,1.662,1.783,1.454,1.618,1.396,1.551
MC0037,1.96072,1.46059,1.35926,1.47261,1.53899,1.53701,1.49856,1.46833,1.90108,1.56775,1.31832,1.41583
MC0038,1.629,1.504,1.48,1.401,1.428,1.383,1.316,1.31,1.263,1.139,1.043,1.123
MC0039,1.593,1.515,1.377,1.386,1.387,1.482,1.353,1.479,1.351,1.196,1.144,1.187
MC0040,1.46942,1.39034,1.3408,1.42246,1.42254,1.33664,1.32577,1.20675,1.24913,1.16284,1.10187,1.17687
MC0041,1.458,1.449,1.407,1.349,1.285,1.215,1.293,1.16,1.065,1.063,1.08,1.095
MC0042,1.809,1.443,1.412,1.574,1.507,1.399,1.707,1.374,1.437,1.224,1.162,1.29
MC0043,1.83,1.537,1.543,1.499,1.44,1.497,1.416,1.414,1.548,1.292,1.325,1.445
MC0044,2.35,1.617,1.569,1.692,1.621,1.701,1.547,1.58,2.219,1.486,1.608,1.761
MC0045,1.88366,1.59945,1.73064,2.14643,1.99213,1.80609,1.84013,1.76856,1.8736,1.54574,1.62384,1.45281
MC0046,1.93622,1.68171,1.61952,1.91232,1.97177,1.97912,1.8228,1.63534,1.51035,1.46208,1.44623,1.40114
MC0047,1.81749,1.53865,1.433,1.63389,1.59172,1.65607,1.48709,1.44105,1.5347,1.38873,1.62146,1.37343
MC0048,1.71493,1.74412,1.50788,1.50922,1.60568,1.71035,1.49762,1.49576,1.83049,1.75983,1.77765,1.91011
MC0049,1.917,1.347,1.349,1.321,1.275,1.434,1.238,1.342,1.407,1.269,1.364,1.367
MC0050,1.665,1.375,1.265,1.205,1.257,1.405,1.267,1.307,1.448,1.22,1.493,1.367
MC0051,1.96459,1.40899,1.30575,1.30086,1.34348,1.39122,1.27977,1.22608,1.09574,1.22487,1.0903,1.19308
MC0052,1.402,1.331,1.317,1.338,1.308,1.317,1.236,1.202,1.24,1.284,1.334,1.375
MC0053,1.48431,1.26383,1.28179,1.29232,1.2524,1.32046,1.2317,1.1376,1.14123,1.07642,1.04712,1.13376
MC0054,2.34422,2.34041,2.22437,2.28745,2.14567,1.91561,1.84149,1.7096,1.79934,1.65879,1.89729,1.70431
MC0055,1.42248,1.45177,1.44687,1.3485,1.34735,1.28767,1.22202,1.13562,1.10704,1.08306,1.06182,1.09315
MC0056,1.42535,1.40406,1.66258,1.54331,1.57156,1.45691,1.46607,1.21169,1.12776,1.14707,1.20188,1.24516
MC0057,1.53242,1.2379,1.26666,1.31453,1.23329,1.25557,1.19303,1.18734,1.2012,1.08197,1.08911,1.10016
MC0058,1.57499,1.55813,1.66957,1.58281,1.54067,1.88129,1.62663,1.59179,1.50715,1.6126,1.75971,1.65809
MC0059,1.55632,1.47467,1.51079,1.48291,1.40074,1.4696,1.33508,1.31482,1.22687,1.34088,1.28563,1.47879
MC0060,1.968,1.847,1.825,1.607,1.563,1.379,1.414,1.482,1.4,1.217,1.027,1.088
MC0061,1.715,1.607,1.462,1.422,1.363,1.406,1.376,1.389,1.384,1.201,1.071,1.114
MC0062,1.69736,1.761,1.69902,1.52445,1.47047,1.82152,1.52848,1.40216,1.27694,1.3158,1.30687,1.27465
MC0063,1.608,1.485,1.359,1.397,1.373,1.347,1.288,1.241,1.156,1.107,1.055,1.079
MC0064,1.44486,1.51608,1.51431,1.49296,1.44715,1.46564,1.31513,1.17187,1.14256,1.17577,1.06393,1.20646
MC0065,1.32184,1.28954,1.39226,1.34951,1.37158,1.56211,1.33305,1.31975,1.33403,1.37016,1.38361,1.42543
MC0066,1.25347,1.19361,1.09621,1.08306,1.15252,1.22584,1.13089,1.09197,1.06805,1.1137,1.19034,1.24394
MC0067,1.67,1.897,1.887,1.533,1.403,1.561,1.443,1.472,1.311,1.297,1.148,1.163
MC0068,2.21928,1.93826,1.77043,1.94233,2.24978,2.09757,1.85995,1.6569,1.71215,1.75076,1.57902,1.81097
MC0069,1.81087,1.58886,1.5743,1.44302,1.41866,1.57832,1.53522,1.33038,1.35139,1.14771,1.21634,1.09055
MC0070,2.18417,1.98671,1.94989,1.88137,1.69243,1.54786,1.69279,1.50009,1.56755,1.29242,1.31511,1.2018
MC0071,1.57432,1.39022,1.61695,1.48467,1.84017,1.34246,1.50943,1.21297,1.24411,1.09339,1.08029,1.09257
MC0072,2.04016,2.03896,1.97753,1.86279,1.713,1.74396,1.62501,1.64983,1.74638,1.55503,1.41136,1.46192
MC0073,1.486,1.48975,1.50658,1.40869,1.42102,1.32394,1.30684,1.29916,1.5038,1.26234,1.22761,1.20905
MC0074,1.89269,1.78447,1.58816,1.48474,1.50281,1.44066,1.53797,1.47102,1.51645,1.23273,1.29619,1.2067
MC0075,1.69239,1.44813,1.3108,1.34952,1.42202,1.33898,1.26729,1.21045,1.21967,1.14847,1.13838,1.64574
MC0076,1.94808,1.62365,1.66299,1.68323,1.67033,1.52554,1.58031,1.64737,1.56604,1.33755,1.2608,1.38726
MC0077,1.81827,1.9406,2.11213,2.26912,2.23925,2.15384,2.08913,1.80812,1.44436,1.79436,1.59854,1.83721
MC0078,1.65992,1.42135,1.48901,1.43678,1.32788,1.43113,1.29716,1.26082,1.13695,1.26496,1.10583,1.24763
MC0079,1.25377,1.30909,1.28635,1.30528,1.34583,1.43195,1.31603,1.16882,1.23785,1.10645,1.18094,1.15906
MC0080,1.77013,1.99233,2.07742,2.11828,2.17241,2.12457,1.91544,1.86657,1.6963,2.0825,2.24982,2.36714
MC0081,1.76321,1.72656,1.56359,1.51847,1.484,1.47111,1.48046,1.35667,1.32482,1.37315,1.4517,1.45875
MC0082,1.91024,1.68236,1.58693,1.49212,1.48341,1.5702,1.49525,1.49115,1.52721,1.28014,1.22146,1.16663
MC0083,1.5034,1.55139,1.57754,1.64036,1.71398,1.96755,2.02264,1.76548,1.77649,1.65186,1.77898,1.86305
MC0084,1.48989,1.47536,1.39341,1.39332,1.37732,1.31588,1.26834,1.15584,1.19112,1.22634,1.15114,1.36962
MC0085,1.576,1.478,1.361,1.425,1.438,1.346,1.341,1.243,1.221,1.044,1.026,1.024
MC0086,1.545,1.506,1.36,1.334,1.374,1.443,1.289,1.21,1.256,1.248,1.142,1.268
MC0087,1.53,1.724,1.45,1.405,1.274,1.494,1.282,1.436,1.133,1.191,1.006,1.044
MC0088,1.26,1.388,1.415,1.398,1.348,1.285,1.263,1.151,1.062,1.046,1.033,1.105
MC0089,1.461,1.5,1.75,1.239,1.178,1.261,1.172,1.161,1.157,1.118,1.165,1.227
MC0090,1.521,1.118,1.124,1.073,1.074,1.279,1.081,1.164,1.386,1.128,1.105,1.142
MC0091,1.809,1.541,1.77,1.641,1.655,1.597,1.568,1.642,2.112,1.613,2.063,2.136
MC0092,3.44831,2.84793,2.39883,2.51434,2.3493,2.6857,2.44824,2.78055,2.5836,2.19039,2.12278,2.06928
MC0093,1.49456,1.38082,1.42082,1.34733,1.2785,1.36061,1.19027,1.16795,1.24542,1.12469,1.2514,1.13338
MC0094,1.66529,1.58763,1.43997,1.38755,1.49552,1.59013,1.42864,1.47799,1.38933,1.41532,1.25539,1.4276
MC0095,2.21,2.569,1.707,1.586,1.551,1.693,1.554,1.597,1.529,1.439,1.373,1.421
MC0096,1.63534,1.87722,1.45085,1.47606,1.49986,1.65302,1.44219,1.42798,1.47034,1.44763,1.42462,1.45826
MC0097,1.54659,1.39248,1.22213,1.29535,1.24935,1.25406,1.18805,1.13016,1.12172,1.10345,1.05009,1.12732
MC0098,1.70865,1.52519,1.48018,1.49124,1.37722,1.34847,1.2664,1.44252,1.62085,1.15056,1.37031,1.19531
MC0099,1.28783,1.12673,1.17538,1.25458,1.1871,1.19085,1.15041,1.06715,1.0988,1.04102,1.01776,1.06028
MC0100,1.7368,1.57201,1.49701,1.46733,1.342,1.39451,1.29261,1.31296,1.1411,1.14051,1.06934,1.14925
MC0101,1.3241,1.24515,1.28255,1.3543,1.4139,1.45356,1.26663,1.24931,1.21566,1.34169,1.31291,1.3358
MC0102,2.03694,1.91444,1.94503,1.72891,1.82798,1.9113,1.91274,1.79156,1.69718,1.43001,1.66713,1.70425
MC0103,2.27647,2.20888,2.40348,2.04532,2.02514,1.94608,1.78301,1.75677,1.96247,1.70353,2.11398,1.84282
MC0104,1.98578,1.96813,2.1853,2.16396,1.95199,2.17713,1.98794,1.87423,1.64982,1.8509,1.73761,1.82629
MC0105,1.56959,1.39969,1.38642,1.35235,1.30634,1.35705,1.25038,1.23683,1.23654,1.12368,1.11102,1.15049
MC0106,2.25042,2.32193,2.43106,2.20718,2.42644,2.21267,2.21243,1.78066,1.81947,1.81649,1.9275,2.06253
MC0107,1.75296,1.66539,1.72269,1.78124,1.62135,1.57737,1.5411,1.38693,1.58931,1.37049,1.34064,1.34006
MC0108,2.10647,1.85459,1.93405,1.71625,1.59818,1.74651,1.61498,1.4558,1.47358,1.29997,1.205,1.34232
MC0109,1.702,1.956,2.169,2.317,1.755,1.467,1.64,1.409,1.485,1.245,1.124,1.138
MC0110,1.833,1.616,1.472,1.53,1.457,1.587,1.473,1.407,1.449,1.293,1.409,1.393
MC0111,1.182,1.44,1.405,1.512,1.536,1.189,1.496,1.146,1.125,1.046,0.977,0.99
MC0112,1.995,1.84,1.736,1.775,1.848,1.806,1.607,1.704,1.478,1.536,1.193,1.23
MC0113,2.02005,1.66478,1.53594,1.41428,1.30637,1.41672,1.24987,1.28884,1.21343,1.08651,1.08629,1.09906
MC0114,2.12114,1.94843,1.92808,1.92578,1.78006,1.70472,1.67586,1.66657,1.6394,1.5015,1.41727,1.4842
MC0115,3.74256,3.58175,3.36759,3.26449,3.39292,2.87731,3.08057,2.53578,2.29033,2.53898,2.31751,2.47314
MC0116,8.87025,8.27424,9.01921,10.53307,11.03759,11.14108,13.0811,12.2167,10.70818,11.16572,9.86691,11.42076
MC0117,2.25092,1.93727,2.13004,2.10757,2.153,1.86114,1.83347,1.84986,1.86544,1.95698,1.85626,1.90749
MC0118,1.51136,1.25614,1.2537,1.23261,1.21356,1.24227,1.20148,1.09681,1.12481,1.03391,1.08896,1.11806
MC0119,1.60232,1.44471,1.41848,1.53573,1.36941,1.52023,1.17165,1.48043,1.29158,1.22352,1.20107,1.23303
MC0120,1.48532,1.37809,1.35248,1.45456,1.34254,1.37815,1.2371,1.21679,1.19559,1.24084,1.35321,1.33868
MC0121,1.50634,1.58203,1.7217,1.92409,2.02804,2.30434,2.09376,1.9317,1.89811,1.84726,1.92932,1.86381
MC0122,1.37516,1.24513,1.28846,1.26826,1.27647,1.30229,1.18244,1.18247,1.26645,1.15098,1.24572,1.16167
MC0123,2.02649,1.95881,1.93649,1.8952,1.92041,1.9003,1.79587,1.80593,1.72325,1.61672,1.71528,1.56643
MC0124,1.80831,1.81638,1.78468,1.7524,1.76744,1.9097,1.66668,1.64705,1.70215,1.81639,1.97201,1.92503
MC0125,1.59334,1.26474,1.22137,1.16512,1.16312,1.24975,1.17809,1.12748,1.15603,1.07258,1.04817,1.09962
MC0126,2.2463,2.21298,2.32516,2.28779,2.48833,2.45607,2.40781,2.22695,2.0905,2.37296,2.49144,2.54727
MC0127,1.39301,1.33985,1.28017,1.36038,1.32725,1.25977,1.18864,1.13303,1.17368,1.16597,1.11868,1.15941
MC0128,1.635,1.47705,1.37329,1.37002,1.34293,1.39157,1.33466,1.31898,1.2496,1.26219,1.2817,1.25851
MC0129,1.23659,1.23775,1.20642,1.18208,1.27503,1.29948,1.22248,1.11738,1.15146,1.19575,1.29438,1.19927
MC0130,3.486,1.951,1.893,1.792,1.616,1.491,1.411,1.435,2.89,1.439,1.28,1.454
MC0131,1.66,1.383,1.327,1.327,1.587,1.416,1.208,1.312,1.289,1.241,1.393,1.222
MC0132,1.588,1.866,2.034,2.034,1.885,1.428,1.794,1.445,1.36,1.3,1.103,1.118
MC0133,2.16532,1.84777,1.75561,1.63818,1.55983,1.73142,1.49785,1.45876,1.36527,1.26077,1.23218,1.33733
MC0134,1.90754,1.94527,2.21377,1.9646,1.89773,1.92112,1.81216,1.81123,1.70262,1.51721,1.42315,1.49368
MC0135,1.93006,1.67389,1.7052,1.67392,1.73869,1.58727,1.79638,1.5821,1.74319,1.55148,1.57132,1.47454
MC0136,1.75311,1.56559,1.70971,1.62974,1.62689,1.78651,1.62019,1.50569,1.49919,1.44669,1.31718,1.45629
MC0137,1.88706,1.82911,2.36178,2.2933,2.06474,1.95223,1.76201,1.61021,1.99562,1.67386,2.00063,1.68431
MC0138,1.84348,1.65161,1.7565,1.78102,1.71198,1.91648,1.6219,1.69577,2.03286,1.51318,1.84669,2.21928
MC0139,1.57452,1.43509,1.41587,1.53656,1.6124,1.72267,1.49506,1.3927,1.42059,1.36725,1.41315,1.43639
MC0140,1.72805,1.94527,1.54329,1.43282,1.65273,1.68637,1.7074,1.46533,1.35662,1.50704,1.31751,1.45024
MC0141,1.38335,1.5205,2.16735,1.42144,1.49695,2.36247,1.35243,2.10792,2.02087,1.99906,1.91548,2.08007
MC0142,2.05835,1.86375,1.99169,2.01766,1.89813,1.99917,1.83465,1.90066,2.04955,2.06328,2.1584,1.92182
MC0143,1.858,2.08218,1.82835,1.78706,1.77479,1.88337,1.91567,2.1165,1.92755,1.94948,1.75938,1.75712
MC0144,1.7212,1.78358,1.95747,1.91693,1.84152,1.6147,1.71172,1.43844,1.4337,1.34211,1.24277,1.41402
MC0145,1.57621,1.43882,1.43615,1.37949,1.39978,1.56546,1.55966,1.38689,1.37814,1.52818,1.55673,1.75257
MC0146,1.39626,1.26172,1.29616,1.28647,1.32805,1.21069,1.21133,1.31236,1.1917,1.19219,1.15388,1.13523
MC0147,1.43259,1.29137,1.33728,1.37531,1.52095,1.34668,1.30718,1.26841,1.26153,1.17275,1.25363,1.18459
MC0148,1.19065,1.20388,1.15854,1.17726,1.17171,1.30924,1.21205,1.10951,1.12891,1.15904,1.20978,1.16663
MC0149,1.871,1.644,1.562,1.516,1.499,1.585,1.44,1.351,1.247,1.439,1.286,1.461
MC0150,2.739,2.345,2.103,1.949,2.03,2.302,2.198,2.114,2.435,1.904,1.764,2.587
SPLUS-b002,1.44384,1.92807,1.34241,1.33767,1.37562,1.42398,1.3588,1.38364,1.2554,1.34925,1.5092,1.44736
SPLUS-b003,1.43703,1.32109,1.23775,1.23978,1.22524,1.17977,1.13633,1.19847,1.37989,1.54699,1.65056,1.79762
SPLUS-b004,1.92563,1.468,1.38003,1.35435,1.28898,1.23322,1.28596,1.18059,1.42339,1.20406,1.47557,1.25777
SPLUS-b009,1.36315,1.37454,1.31583,1.26302,1.19219,1.42691,1.27572,1.28958,1.44152,1.3753,1.58949,1.29087
SPLUS-b010,1.80998,1.58224,1.34873,1.36812,1.32357,1.27337,1.24489,1.15338,1.21959,1.07251,1.04909,1.11054
SPLUS-b012,2.15444,2.11708,1.98267,2.21475,1.81305,1.70126,1.63523,1.86239,1.83404,1.58804,1.56079,1.55082
SPLUS-b015,1.73486,1.44392,1.38412,1.43165,1.41828,1.34042,1.24975,1.28493,1.35626,1.22901,1.27918,1.18891
SPLUS-b016,1.56935,1.66265,1.60126,1.64351,1.67848,1.54623,1.45443,1.41792,1.33865,1.56556,1.42995,1.60963
SPLUS-b017,2.08988,2.0283,2.00614,1.84173,1.93879,1.76008,1.7904,1.64011,1.79899,1.53128,1.63447,1.52347
SPLUS-b018,1.93978,1.73526,1.71303,1.72364,1.59162,1.47493,1.53624,1.542,1.61581,1.28756,1.29595,1.29329
SPLUS-b019,1.40478,1.2968,1.25653,1.20787,1.22393,1.19395,1.17242,1.13475,1.15549,1.00852,1.06189,0.95693
SPLUS-b021,1.85923,1.78121,1.82972,1.83499,1.80415,1.75454,1.65458,1.59379,1.41697,1.52437,2.13098,1.64281
SPLUS-b025,2.16549,1.79545,1.76953,1.92637,1.87819,1.87755,1.86656,2.0913,2.64602,2.04176,2.33704,1.91927
SPLUS-b027,1.6769,2.04313,1.87878,1.69759,1.81656,2.06617,1.81855,1.81357,1.67919,1.5712,1.38778,1.53839
SPLUS-b028,1.58205,1.57457,1.31342,1.34649,1.34747,1.29486,1.32858,1.22502,1.4954,1.13517,1.23911,1.16025
SPLUS-b029,1.39562,1.43684,1.45366,1.46128,1.50918,1.5809,1.3919,1.5336,1.22237,1.53846,1.18863,1.74196
SPLUS-b030,1.53634,1.27058,1.69847,1.66757,1.53968,1.29824,1.56779,1.10771,1.30949,1.03964,1.12606,1.08737
SPLUS-b032,1.96766,1.95279,2.05906,2.11104,1.86491,2.08811,1.96009,2.14181,2.52984,1.78798,2.02316,1.92129
SPLUS-b033,1.52869,1.39673,1.32879,1.25881,1.27439,1.24716,1.22045,1.19372,1.26961,1.19263,1.27746,1.28699
SPLUS-b034,1.34626,1.32869,1.20281,1.18858,1.27149,1.27176,1.28809,1.18808,1.19204,1.17464,1.1674,1.27536
SPLUS-b038,1.83825,1.86812,1.7069,1.64777,1.73652,1.97124,1.76555,1.74645,1.7291,1.81618,1.97518,1.92504
SPLUS-b039,1.33444,1.30105,1.28981,1.25679,1.24436,1.28724,1.17248,1.20872,1.51665,1.15428,1.15252,1.20526
SPLUS-b040,2.2456,1.90319,1.83493,1.93868,2.00149,1.92042,1.66162,1.63537,1.91086,1.64738,2.07755,1.5544
SPLUS-b041,1.36413,1.32746,1.36341,1.51354,1.5461,1.57217,1.43898,1.21948,1.39587,1.45418,1.49557,1.64193
SPLUS-b042,2.46349,2.02153,2.1756,1.95499,1.75525,1.36261,1.66574,1.62783,1.42323,1.308,1.10169,1.13291
SPLUS-b043,1.65296,1.59017,1.59679,1.47958,1.4796,1.32985,1.3012,1.18077,1.19793,1.11991,1.02306,1.20155
SPLUS-b044,1.63918,1.46295,1.37765,1.41124,1.41094,1.38287,1.33177,1.39243,1.24531,1.25829,1.36271,1.16944
SPLUS-b045,2.48846,2.22763,2.01497,1.8483,1.81167,1.50711,1.64097,1.51156,1.62825,1.24941,1.22965,1.19228
SPLUS-b046,1.76138,1.60937,1.75519,1.66396,1.84827,1.73116,1.86365,1.6962,1.68388,1.50939,1.33495,1.60086
SPLUS-b047,1.76149,1.81029,1.58019,1.7506,1.76849,1.43989,1.50457,1.37983,1.36625,1.37175,1.20552,1.33738
SPLUS-b050,1.3764,1.33425,1.29926,1.3795,1.31259,1.40164,1.36542,1.50846,1.75783,1.46987,1.57364,1.3314
SPLUS-b051,1.54078,1.65191,1.78618,1.7982,1.69811,1.63774,1.60185,1.52134,1.82021,1.93194,1.68203,2.04246
SPLUS-b054,3.00518,3.00237,2.73702,2.55791,2.521,2.43703,2.351,2.68621,3.09634,2.33163,2.81203,2.14303
SPLUS-b056,1.46168,1.28568,1.36808,1.34389,1.31673,1.26824,1.24132,1.23403,1.25194,1.26384,1.15705,1.34933
SPLUS-b057,1.41047,1.21458,1.10534,1.10599,1.12927,1.27358,1.19053,1.152,1.20229,1.15921,1.25829,1.33151
SPLUS-b058,1.60519,1.59992,1.72683,1.64424,1.69328,1.8854,1.68028,1.71765,1.64061,1.76619,1.58319,1.9109
SPLUS-b060,1.32207,1.41749,1.4658,1.38267,1.41548,1.44781,1.33428,1.26994,1.36439,1.33075,1.49899,1.49531
SPLUS-b061,2.02657,1.76005,1.76467,1.75535,1.71323,1.77525,1.74049,1.82412,1.81297,1.74723,1.6419,1.47075
SPLUS-b062,1.56555,1.37019,1.22544,1.28919,1.22804,1.26133,1.31114,1.30844,1.38595,1.43072,1.10107,1.29731
SPLUS-b063,1.44225,1.37912,1.25755,1.27264,1.30878,1.34393,1.32086,1.19614,1.12718,1.21316,1.11315,1.23383
SPLUS-b064,1.77347,1.59935,1.58818,1.58097,1.50295,1.7575,1.44365,1.55996,1.60023,1.49263,1.3375,1.5703
SPLUS-b065,1.59969,1.43262,1.47798,1.49003,1.42404,1.41576,1.35024,1.26712,1.251,1.31836,1.21846,1.22079
SPLUS-b066,1.41873,1.41899,1.38534,1.38807,1.28356,1.3503,1.26253,1.53747,1.80357,1.42702,1.40081,1.38655
SPLUS-b067,1.53856,1.59259,1.63458,1.80303,1.575,1.3517,1.41488,1.24468,1.20922,1.3407,1.16012,1.2365
SPLUS-b068,1.35683,1.31706,1.2702,1.2086,1.18247,1.18942,1.18784,1.18882,1.10475,1.06151,1.04051,1.03223
SPLUS-b069,1.68386,1.61529,1.54955,1.63328,1.64864,1.56116,1.54524,1.52407,1.78059,1.39173,1.62901,1.27824
SPLUS-b070,2.17649,2.06201,2.01391,2.05899,1.99492,2.01833,1.92076,2.0775,2.22699,1.99745,1.73664,1.76033
SPLUS-b071,1.99658,1.96653,1.85072,1.7319,1.8292,1.79723,1.8149,1.98925,2.19018,1.66361,1.9429,1.58488
SPLUS-b072,1.46325,1.36241,1.47304,1.63702,1.48488,1.47399,1.40115,1.58524,1.58832,1.35359,1.16935,1.29691
SPLUS-b073,1.42025,1.26357,1.26056,1.22092,1.121,1.14583,1.12406,1.09395,1.0644,1.09759,1.08664,1.20577
SPLUS-b074,1.74349,1.39979,1.22838,1.27021,1.31549,1.30166,1.22829,1.21655,1.23473,1.22974,1.16876,1.349
SPLUS-b075,1.59958,1.35774,1.312,1.28825,1.26912,1.19358,1.19978,1.29376,1.08552,1.03668,1.06705,1.06187
SPLUS-b076,1.26948,1.35967,1.2936,1.21879,1.25598,1.22899,1.19294,1.23542,1.32935,1.11485,1.08046,1.06131
SPLUS-b077,1.50954,1.371,1.87103,1.48611,1.63204,1.6872,1.63625,1.61383,1.52882,1.78197,1.80473,1.88995
SPLUS-b078,1.7043,1.7795,1.63575,1.6073,1.48756,1.48852,1.43967,1.52317,1.59313,1.40648,1.33543,1.3309
SPLUS-b079,1.49762,1.43032,1.39882,1.41517,1.34869,1.35405,1.33834,1.36764,1.3776,1.09455,1.17858,1.19706
SPLUS-b084,1.55391,1.37517,1.35679,1.27,1.1784,1.26719,1.26315,1.18767,1.19444,1.11587,1.22724,1.13821
SPLUS-b085,1.47516,1.42651,1.31809,1.34233,1.40367,1.37416,1.25559,1.32479,1.28478,1.30184,1.1501,1.39244
SPLUS-b086,1.6224,1.44219,1.3617,1.26018,1.32852,1.32102,1.29797,1.43525,1.27807,1.21857,1.12745,1.13685
SPLUS-b087,2.38297,2.4201,2.35949,1.83836,1.56461,1.5394,1.55045,1.57261,2.02887,1.54243,1.58818,1.63489
SPLUS-b088,1.8046,1.6836,1.47762,1.61605,1.62411,1.36275,1.39932,1.34838,1.79097,1.40931,1.97168,1.67954
SPLUS-b089,1.44996,1.42052,1.44196,1.37887,1.3862,1.34352,1.3348,1.29994,1.31515,1.24363,1.15818,1.25508
SPLUS-b090,1.60015,1.48831,1.37404,1.39803,1.48413,1.22109,1.24635,1.1681,1.15972,1.13726,1.00724,1.10283
SPLUS-b091,1.39537,1.29269,1.26701,1.27552,1.20328,1.20765,1.20476,1.25557,1.31758,1.13007,1.11974,1.09738
SPLUS-b092,1.66271,1.47184,1.35177,1.32589,1.27573,1.20864,1.24041,1.18374,1.04267,0.98735,0.97339,1.08387
SPLUS-b093,1.79851,1.64926,1.61647,1.63974,1.51925,1.49028,1.44689,1.47149,1.41759,1.31478,1.10378,1.23958
SPLUS-b094,2.20393,2.16542,1.91828,2.00388,1.95194,1.83531,1.9146,2.06465,2.54236,1.64947,1.93781,1.76305
SPLUS-b095,1.66681,1.65953,1.78092,1.65565,1.79815,1.55198,1.58892,1.85735,2.4774,1.84087,1.8555,1.92598
SPLUS-b096,1.37345,1.5199,1.5724,1.78016,1.57092,1.56479,1.59398,1.50148,1.58654,1.33738,1.21973,1.4725
SPLUS-b098,1.61309,1.43949,1.34321,1.4509,1.40004,1.31542,1.31233,1.10817,1.22232,1.08737,1.53904,1.0308
SPLUS-b100,1.49888,1.41962,1.32139,1.29776,1.25619,1.20814,1.18097,1.11819,1.15297,1.07319,1.32727,1.16822
SPLUS-b101,1.5593,1.63598,1.65425,1.74312,1.70392,1.52763,1.44947,1.4885,1.51501,1.59459,2.04715,1.641
SPLUS-b102,1.8514,1.91741,1.90522,1.88461,1.87137,1.66877,1.70589,1.72964,2.12665,1.72709,1.37012,1.81164
SPLUS-b103,2.14608,2.05752,2.12211,2.64557,2.25601,2.26131,2.17857,2.12166,1.79553,1.95271,1.8564,1.56617
SPLUS-b104,1.2871,1.19294,1.11042,1.09609,1.09821,1.09655,1.05761,1.06425,1.14384,1.172,1.22111,1.28548
SPLUS-b105,3.02873,3.11865,2.92942,2.49185,2.8755,2.13923,2.66289,2.09618,1.81064,1.54317,1.47453,1.54641
SPLUS-b106,2.59315,2.55606,2.11712,1.88166,2.15455,3.41723,2.92541,1.95641,1.85026,1.65451,1.50428,1.75339
SPLUS-b107,2.30846,1.80213,1.5888,1.62711,1.59544,1.56552,1.55957,1.7363,1.3839,1.52023,1.30239,1.54647
SPLUS-b108,1.80183,1.70758,1.59878,1.69472,1.64494,1.57011,1.60478,1.58681,1.74647,1.3965,1.52088,1.37112
SPLUS-b109,1.45721,1.82651,1.52467,1.40917,1.36023,1.37018,1.37721,1.23566,1.30595,1.18254,1.11398,1.09312
SPLUS-b110,2.52593,2.08591,1.9409,1.90531,2.08782,1.80131,1.74998,1.63651,1.87427,1.91223,2.13669,2.10717
SPLUS-b111,2.109,2.08581,2.11774,2.30835,1.93159,1.79709,1.97539,2.1631,1.79782,2.07739,1.47399,1.51483
SPLUS-b112,1.81697,1.88076,1.95559,1.95081,1.93997,2.00873,1.79603,1.65962,1.62912,1.8094,1.7996,1.8785
SPLUS-b115,1.42482,1.63329,1.6934,1.9143,1.86431,2.03238,1.72146,1.72027,1.89669,1.94424,1.74933,2.18408
SPLUS-b116,1.63474,1.40448,1.46412,1.50808,1.43045,1.27914,1.25183,1.13395,1.23937,1.32321,1.2515,1.25385
SPLUS-b117,1.67987,1.87621,1.85358,1.80044,1.8286,1.73514,1.69659,1.62828,1.64048,1.79566,1.88527,1.97789
SPLUS-b118,1.62944,1.60424,1.44951,1.36688,1.43873,1.53016,1.4539,1.51231,1.37156,1.44437,1.26559,1.27439
SPLUS-b119,1.8482,1.96135,1.68908,1.82136,1.69827,1.68691,1.61246,1.49747,1.38508,1.41286,1.39335,1.46861
SPLUS-b120,1.40091,1.50653,1.3896,1.34072,1.29469,1.3643,1.2564,1.26106,1.21891,1.24314,1.16123,1.23958
SPLUS-b121,2.48236,2.36194,2.44788,2.61927,2.43114,2.08939,2.1295,2.08209,1.81851,1.79963,1.86088,1.75382
SPLUS-b122,1.25315,1.15945,1.20349,1.18191,1.18785,1.23013,1.22009,1.15066,1.28581,1.12187,1.06797,1.15329
SPLUS-b123,2.15954,3.92533,3.82377,3.94564,1.62186,1.86935,1.71335,2.1824,1.69587,1.77161,1.69197,1.70447
SPLUS-b124,2.44468,2.58195,1.91109,2.11395,1.96908,2.15946,2.30315,2.02467,1.58995,2.34206,1.11335,1.1992
SPLUS-b125,2.47833,2.09455,1.88291,1.9684,1.95358,1.7138,1.78579,1.83667,1.82733,1.5076,1.50071,1.35485
SPLUS-b126,1.80785,1.52812,1.29728,1.42761,1.28203,1.34959,1.2663,1.26937,1.29715,1.19204,1.12297,1.21625
SPLUS-b127,1.6687,1.47546,1.35209,1.39284,1.29545,1.34179,1.26262,1.24941,1.34116,1.14435,1.07488,1.08281
SPLUS-b128,2.12572,1.85851,1.37464,1.36637,1.397,1.46886,1.34396,1.30459,1.35269,1.18413,1.28412,1.18982
SPLUS-b129,1.27473,1.28244,1.28723,1.31028,1.31084,1.28224,1.3186,1.24564,1.24313,1.17806,1.11446,1.26591
SPLUS-b133,2.31169,1.85471,1.67824,1.67586,1.70642,1.6449,1.60815,1.69304,2.03833,1.67166,1.87543,1.67779
SPLUS-b135,1.5792,1.83357,1.3185,1.34177,1.30526,1.22843,1.25515,1.26409,1.23582,1.31748,1.12249,1.3494
SPLUS-b136,1.439,1.46059,2.79138,3.38951,3.33911,1.45467,3.09785,1.43856,1.85148,1.36238,1.27752,1.27625
SPLUS-b137,2.07788,2.06901,2.0394,2.06125,2.02733,2.22685,2.30128,1.77157,1.75614,2.03562,2.52777,2.10999
SPLUS-b138,1.63471,1.87422,1.68962,1.40481,1.39839,1.34561,1.26807,1.22365,1.28527,1.31731,1.14593,1.2981
SPLUS-b140,1.80311,1.82394,1.82631,1.63648,1.55155,1.33987,1.47409,1.37474,1.31839,1.35427,1.13256,1.21391
SPLUS-b141,1.69129,1.4332,1.28199,1.26113,1.19617,1.24058,1.19296,1.2669,1.30122,1.19432,1.24839,1.2163
SPLUS-b142,1.82721,1.50363,1.41546,1.35368,1.35216,1.33455,1.31257,1.22399,1.33991,1.14983,1.37653,1.19865
SPLUS-b143,2.08669,1.87615,1.77466,1.69068,1.71884,1.78167,1.55933,1.59636,1.46701,1.76947,1.63252,1.81823
SPLUS-b144,1.32962,1.32131,1.18408,1.27404,1.25169,1.3013,1.26336,1.37128,1.24086,1.17346,1.07156,1.12966
SPLUS-b145,1.38836,1.33613,1.38766,1.67736,1.49655,3.8843,1.41013,1.32268,1.39222,1.43312,1.35682,1.57383
SPLUS-b146,2.41059,1.93503,1.78937,1.69539,1.64911,1.57922,1.62578,1.51184,1.61951,1.39181,1.27589,1.36566
SPLUS-b147,1.68051,1.65945,1.42809,1.45466,1.56017,1.56974,1.51585,1.56746,1.40881,1.49768,1.18092,1.34833
SPLUS-b151,1.59882,1.60865,1.65404,1.53145,1.62171,1.72502,1.59344,1.32295,1.33124,1.46662,1.4139,1.61878
SPLUS-b152,2.92803,2.78068,2.68015,2.62818,2.71337,2.81364,2.76809,2.80986,2.97945,2.66909,1.94955,2.46186
SPLUS-b153,2.20003,2.28844,2.07856,2.1865,1.93044,1.87878,2.04837,1.84542,1.68918,1.5338,1.25319,1.45142
SPLUS-b154,1.65296,1.65089,1.62988,1.52499,1.47173,1.45617,1.68868,1.32021,1.46638,1.22545,1.19078,1.21876
SPLUS-b155,1.92502,2.21812,2.22279,1.85705,1.80615,2.08448,1.88262,1.80773,1.57259,1.56945,1.28136,1.61884
SPLUS-b160,1.80936,1.55568,1.51969,1.54416,1.60694,1.43259,1.31864,1.33773,1.77011,1.18513,1.4668,1.21592
SPLUS-b164,1.6263,1.96613,1.36229,1.24357,1.32283,1.22045,1.16645,1.18238,1.1725,1.12833,1.1517,1.35902
SPLUS-b165,2.07884,2.13416,2.26844,2.10161,2.25497,2.11279,2.10981,1.97334,1.83686,2.03109,2.27954,2.13714
SPLUS-b166,1.77381,1.63921,1.45249,1.41365,1.39087,1.42907,1.31743,1.33969,1.46187,1.18706,1.20789,1.15434
SPLUS-b167,1.71007,1.65417,1.63692,1.4992,1.4605,1.43767,1.49055,1.40385,1.57355,1.25079,1.24311,1.27006
SPLUS-b168,2.56803,2.35631,2.07594,1.92427,1.94791,2.05602,1.97102,2.02661,2.596,1.71351,2.21478,1.82412
SPLUS-b171,1.71592,1.56068,1.9348,2.13591,2.28628,1.53048,1.52262,1.31816,1.16028,1.1311,1.18316,1.15895
SPLUS-b173,1.54495,1.32797,1.34379,1.25391,1.38389,1.35073,1.29235,1.4078,1.36205,1.43825,1.30243,1.31186
SPLUS-b175,1.51619,1.49861,1.54037,1.45431,1.44805,1.5994,1.61001,1.64265,2.2309,1.47514,2.0341,1.41169
SPLUS-b176,1.92415,1.69452,1.62545,1.64861,1.67051,1.58793,1.5737,1.54275,1.80129,1.61175,1.41395,1.23273
SPLUS-b177,1.77033,1.57132,1.42401,1.48422,1.46023,1.37514,1.40871,1.48697,1.30808,1.33662,1.19353,1.37367
SPLUS-b178,3.30972,2.94002,2.72182,2.76927,2.74657,2.38883,2.50543,2.40104,2.24663,2.10351,1.93928,1.9007
SPLUS-b179,1.82018,1.60899,1.7338,1.52248,1.51262,1.48476,1.50859,1.3916,1.3075,1.25127,1.22582,1.24699
SPLUS-b182,1.89666,1.81523,1.7935,1.80136,1.80587,3.16334,1.76053,2.01803,3.37972,3.09152,3.28169,3.1732
SPLUS-b183,3.13699,3.49463,3.81894,3.66787,3.17143,2.3009,2.97421,2.06347,2.34645,2.68796,2.6524,2.86022
SPLUS-b185,2.04877,1.77074,1.70546,1.61795,1.67847,1.41383,1.47835,1.43636,1.41359,1.29713,1.17409,1.23635
SPLUS-b186,1.89169,1.26438,1.25025,1.18882,1.13436,1.12647,1.1376,1.10882,1.14139,1.06489,1.10095,1.09812
SPLUS-b187,1.61454,1.52811,1.44582,1.40346,1.39028,1.47041,1.35671,1.32536,1.33349,1.29574,1.28237,1.37073
SPLUS-b188,1.83641,1.63104,1.5824,1.53092,1.47583,1.38768,1.39691,1.2421,1.37259,1.22115,1.09053,1.20467
SPLUS-b189,2.32084,2.23516,2.42639,2.5862,3.2408,3.23614,2.90227,2.6811,3.11033,2.82327,2.94919,2.73086
SPLUS-b191,1.7715,1.50413,1.51776,1.50362,1.79224,1.51795,1.52787,1.3457,1.55804,1.55147,1.46148,1.51935
SPLUS-b192,1.19687,1.10996,1.08844,1.05501,1.04709,1.0802,1.01127,1.0005,1.07849,1.07151,1.03626,1.37478
SPLUS-b193,1.67779,1.48001,1.47313,1.33099,1.33581,1.42522,1.25598,1.43972,1.50312,1.4214,1.23377,1.37182
SPLUS-b194,2.06595,1.95315,1.84444,1.76071,1.8648,1.72741,1.49759,1.61065,1.69218,1.44379,1.52808,1.53471
SPLUS-b195,1.97036,2.16091,1.89083,1.7103,1.71323,1.74365,1.71005,1.51109,1.50701,1.65474,1.73027,1.70334
SPLUS-b196,2.44919,2.26214,2.20524,2.00526,1.89261,1.89314,1.74677,1.9285,1.86999,1.58827,1.48305,1.5108
SPLUS-b198,1.50752,1.38135,1.27044,1.1848,1.20052,1.32051,1.24802,1.1671,1.17604,1.15066,1.18142,1.21626
SPLUS-b199,1.86906,1.7297,1.65872,1.58133,1.63936,1.55755,1.50954,1.42288,1.32908,1.24153,1.29883,1.28729
SPLUS-b200,1.83465,1.77968,1.66755,1.71041,1.62141,1.70666,1.63349,1.46131,1.35231,1.47063,1.37041,1.43231
SPLUS-b201,1.50277,1.9259,2.06288,2.13052,2.10188,2.1561,2.02892,2.01313,1.80347,2.23401,1.9491,2.20591
SPLUS-b202,1.57529,1.55325,1.50799,1.56279,1.64789,1.46182,1.81007,1.43555,1.5125,1.85065,1.35762,1.55783
SPLUS-b203,1.59366,1.7078,1.85805,1.72709,1.58899,1.65917,1.54746,1.42249,1.67923,1.72757,1.9767,1.91857
SPLUS-d002,1.50989,1.37839,1.38957,1.38926,1.33421,1.38191,1.28074,1.25247,1.35492,1.12759,1.14442,1.08476
SPLUS-d005,1.72674,1.65561,1.4806,1.57585,1.44435,1.41908,1.38085,1.3466,1.3916,1.2575,1.20203,1.27141
SPLUS-d011,1.91451,1.61117,1.59028,1.5322,1.47424,1.31528,1.37915,1.30851,1.29183,1.15808,1.02411,1.10218
SPLUS-d012,2.60995,2.50529,2.50774,2.54773,2.4179,2.34354,2.38793,2.28328,2.46868,2.04876,1.99465,1.83026
SPLUS-d013,1.88541,1.99509,1.56719,1.61163,1.41255,1.56446,1.47397,1.56126,1.35194,1.38662,1.28295,1.3007
SPLUS-d020,1.97078,1.66612,1.64308,1.77253,1.69963,1.51861,1.57164,1.53701,1.36619,1.26395,1.22433,1.19202
SPLUS-d022,2.96689,2.78484,2.39086,2.48215,2.35416,2.22516,2.37586,2.38164,2.2247,2.04112,1.73581,1.77729
SPLUS-d023,1.475,1.324,1.501,1.223,1.242,1.295,1.195,1.266,1.182,1.239,1.217,1.238
SPLUS-d024,1.975,1.56,1.393,1.449,1.316,1.255,1.311,1.34,1.272,1.105,1.115,1.099
SPLUS-d025,1.399,1.422,1.517,1.538,1.464,1.443,1.402,1.646,1.53,1.444,1.467,1.465
SPLUS-d028,1.64152,1.52787,1.39646,1.44672,1.51815,1.3872,1.34187,1.40726,1.50259,1.32841,1.29903,1.32248
SPLUS-d029,2.01476,1.62834,1.47035,1.38647,1.33425,1.36599,1.29234,1.274,1.48214,1.28401,1.31007,1.20542
SPLUS-d033,1.95179,1.83071,1.49819,1.49057,1.38156,1.3773,1.26763,1.25659,1.38045,1.3137,1.14193,1.21513
SPLUS-d034,2.17568,2.04315,1.84546,1.67911,1.56337,1.48215,1.5371,1.59675,1.66496,1.30811,1.12209,1.20131
SPLUS-d035,1.785,1.426,1.391,1.363,1.285,1.347,1.198,1.335,1.325,1.26,1.249,1.38
SPLUS-d036,1.835,1.592,1.592,1.31,1.258,1.259,1.245,1.594,1.212,1.111,1.082,1.077
SPLUS-d037,2.179,1.905,2.095,1.7,1.612,1.433,1.444,1.441,1.563,1.254,1.188,1.125
SPLUS-d038,1.563,1.806,1.772,1.897,2.017,2.281,1.969,2.085,2.288,2.566,2.799,2.747
SPLUS-d040,1.33463,1.25496,1.23055,1.30368,1.28179,1.28764,1.19804,1.13558,1.27528,1.10226,1.11272,1.1085
SPLUS-d042,2.10965,1.82117,1.72927,1.71922,1.53118,1.4222,1.50112,1.4551,1.59139,1.20584,1.30301,1.20582
SPLUS-d043,2.21294,1.96534,1.77726,1.8646,1.82618,1.64796,1.75322,1.64034,1.49493,1.30441,1.16745,1.17741
SPLUS-d044,1.81109,1.50625,1.43566,1.37549,1.30314,1.27182,1.26893,1.2575,1.19721,1.20422,1.18305,1.1682
SPLUS-d045,2.41971,2.05871,1.76137,1.71048,1.58373,1.45816,1.50442,1.48695,1.54006,1.33417,1.35178,1.2754
SPLUS-d046,1.97741,1.81158,1.65545,1.56147,1.67714,2.14431,1.4491,2.17486,1.49113,1.8491,1.49352,1.72117
SPLUS-d049,2.17733,2.09138,1.87519,2.06667,1.92028,1.60287,1.77601,1.65543,1.75277,1.51746,1.31177,1.40018
SPLUS-d050,2.136,1.585,1.476,1.557,1.473,1.295,1.289,1.182,1.256,1.075,1.18,1.059
SPLUS-d051,2.649,2.395,2.179,2.16,2.065,1.866,2.009,1.841,2.003,1.711,1.492,1.509
SPLUS-d052,2.08172,1.77171,1.54004,1.54699,1.53409,1.32971,1.43633,1.44745,1.40349,1.21752,1.12817,1.1965
SPLUS-d053,1.85042,1.6569,1.52113,1.59157,1.49385,1.39015,1.49287,1.27185,1.32357,1.17518,1.15881,1.05663
SPLUS-d056,1.87106,1.70281,1.56828,1.4504,1.41917,1.37082,1.41749,1.2586,1.52952,1.20015,1.17415,1.17733
SPLUS-d057,1.95224,2.0281,1.52187,1.41594,1.43234,1.4243,1.40148,1.25177,1.34731,1.282,1.39766,1.30978
SPLUS-d058,2.612,2.327,2.108,2.057,1.964,1.828,1.938,1.907,1.994,1.892,1.406,1.477
SPLUS-d059,1.73966,1.45148,1.35119,1.35306,1.36307,1.46136,1.38881,1.3104,1.35826,1.23344,1.37853,1.15872
SPLUS-d060,1.70668,1.46628,1.37315,1.38821,1.32421,1.2725,1.27578,1.30595,1.29437,1.19446,1.15287,1.21863
SPLUS-d061,1.58932,1.39342,1.34068,1.27569,1.28162,1.25207,1.26703,1.23175,1.2387,1.17236,1.09157,1.18199
SPLUS-d062,1.98659,1.75199,1.57067,1.46311,1.39272,1.39511,1.44893,1.31323,1.31738,1.20178,1.13122,1.27055
SPLUS-d065,2.14674,1.79863,2.18827,2.18544,2.27414,1.77548,1.75604,1.76443,1.88755,1.64279,1.64221,1.59354
SPLUS-d066,2.20807,2.11188,1.91904,1.89805,1.9803,1.89519,1.96049,1.87455,1.89217,1.56276,1.40373,1.42939
SPLUS-d068,1.20956,1.17931,1.18987,1.1741,1.15492,1.17902,1.10422,1.14236,1.11395,1.0893,1.1585,1.14345
SPLUS-d071,1.38047,1.30855,1.17281,1.0843,1.19951,1.14277,1.17013,1.09055,1.17262,1.07722,1.10546,1.0694
SPLUS-d072,1.89175,1.8342,1.90974,1.70338,1.71515,1.78954,1.55703,1.58075,1.54006,1.53144,1.52574,1.68016
SPLUS-d073,1.985,1.623,1.595,1.638,1.444,1.396,1.404,1.572,1.399,1.211,1.34,1.142
SPLUS-d074,2.47594,2.02064,1.97024,2.02509,1.84,1.73715,1.85706,1.61402,1.68696,1.39465,1.27884,1.29454
SPLUS-d075,1.77818,1.6155,1.52043,1.5956,1.50342,1.40538,1.52549,1.55649,1.51803,1.27273,1.16267,1.26329
SPLUS-d076,1.61508,1.39642,1.33122,1.32169,1.2618,1.2312,1.21898,1.25857,1.37377,1.16408,1.06189,1.13959
SPLUS-d078,1.46006,1.34923,1.22366,1.23977,1.17342,1.28723,1.2138,1.12522,1.09021,1.08841,1.02312,1.10055
SPLUS-d081,1.82033,1.632,1.41684,1.44294,1.32536,1.38053,1.31029,1.24524,1.20486,1.14054,1.08247,1.15318
SPLUS-d083,1.92995,1.87404,1.84602,1.8952,1.84904,1.60274,1.54868,1.53931,1.33393,1.51123,1.26323,1.25192
SPLUS-d084,1.90507,1.725,1.59947,1.51122,1.52602,1.46255,1.48531,1.5088,1.45014,1.18767,1.11225,1.038
SPLUS-d085,1.70857,1.44349,1.32917,1.28756,1.32652,1.35608,1.35232,1.4544,1.55439,1.26284,1.2749,1.17519
SPLUS-d086,1.60256,1.30044,1.2566,1.16778,1.16224,1.20344,1.13581,1.11939,1.19207,1.03466,1.01327,1.0457
SPLUS-d087,1.40358,1.40017,1.43179,1.54986,1.50792,1.46706,1.49446,1.34519,1.47231,1.23382,1.25247,1.19604
SPLUS-d088,1.94002,1.74083,1.59992,1.54774,1.53739,1.35487,1.46319,1.29461,1.34745,1.24677,1.32133,1.39074
SPLUS-d090,2.31,1.845,1.764,1.684,1.564,1.58,1.455,1.617,1.804,1.48,1.551,1.26
SPLUS-d091,1.98309,1.7265,1.52225,1.44759,1.30678,1.21556,1.22386,1.21096,1.20727,1.04199,0.94553,0.96792
SPLUS-d094,1.37003,1.44367,1.52081,1.45191,1.61845,1.56988,1.52836,1.35877,1.34884,1.40751,1.59093,1.66176
SPLUS-d097,1.49021,1.54748,1.33959,1.36083,1.2903,1.29647,1.34243,1.18028,1.3076,1.12817,1.11878,1.04708
SPLUS-d098,1.49244,1.54713,1.36314,1.23715,1.32614,1.22751,1.21249,1.14135,1.29949,1.18171,1.22835,1.16884
SPLUS-d099,2.1667,1.82084,1.81046,1.83582,1.78563,1.89734,2.00576,1.81129,1.74276,1.47065,1.20243,1.23826
SPLUS-d102,2.04232,1.92951,1.8045,1.85943,1.61994,1.50322,1.47064,1.37503,1.50313,1.27034,1.46009,1.23381
SPLUS-d106,2.23044,1.9582,1.92948,1.8564,1.7007,1.52954,1.60317,1.49663,1.66032,1.33736,1.2282,1.2336
SPLUS-d107,1.58236,1.31974,1.15702,1.15926,1.35928,1.10492,1.10336,1.07396,1.11728,1.06582,1.06305,0.99215
SPLUS-d108,2.06263,2.35247,2.08531,2.18271,1.97559,1.86478,1.7112,1.68947,1.68539,1.56061,1.2036,1.31531
SPLUS-d109,1.99708,1.74039,1.59824,1.49259,1.46333,1.37567,1.44209,1.25755,1.13322,1.12829,1.04383,1.15527
SPLUS-d112,1.78393,1.51983,1.43643,1.63498,1.41362,1.41426,1.34052,1.29459,1.45953,1.28895,1.23767,1.32126
SPLUS-d114,2.51266,2.17397,2.04345,2.03919,2.03647,1.74151,1.85387,1.75563,1.57022,1.52847,1.17117,1.28821
SPLUS-d115,1.94367,1.64397,1.48534,1.39835,1.38113,1.31032,1.37928,1.25211,1.22211,1.07222,1.05017,1.02018
SPLUS-d117,1.8382,1.74105,1.63972,1.81187,1.80218,1.67706,1.65704,1.56169,1.88701,1.41142,1.26314,1.3745
SPLUS-d120,2.872,2.474,2.382,2.257,2.192,2.14,2.312,2.291,2.203,2.191,1.908,1.765
SPLUS-d121,1.74878,1.50151,1.37246,1.34911,1.37302,1.30378,1.25424,1.22678,1.18364,1.29593,1.14374,1.17825
SPLUS-d123,1.54742,1.64313,1.48894,1.39901,1.39524,1.31672,1.37609,1.33021,1.26726,1.15456,1.04813,1.06849
SPLUS-d124,1.8055,1.61788,1.4495,1.45035,1.51169,1.33896,1.40765,1.23661,1.427,1.13284,1.12273,1.09201
SPLUS-d125,1.31481,1.21251,1.14579,1.10151,1.04381,1.08885,1.04238,1.1268,1.11747,1.13815,1.14473,1.20131
SPLUS-d126,1.38195,1.34338,1.20054,1.18209,1.13218,1.12919,1.08403,1.16793,1.25502,1.14789,1.09856,1.26559
SPLUS-d127,2.33763,2.01712,1.91072,1.90167,1.80252,1.6437,1.71803,1.59859,1.63238,1.42457,1.28662,1.34454
SPLUS-d128,2.27344,2.23399,2.03594,2.17937,2.16897,2.02098,2.09273,2.1645,2.52058,1.8405,2.11125,1.68626
SPLUS-d130,1.73669,1.66053,1.58357,1.44611,1.42642,1.40679,1.40518,1.37685,1.48653,1.21296,1.23759,1.17109
SPLUS-d131,1.77456,1.9952,1.74977,1.65526,1.53629,1.41633,1.53329,1.36339,1.61564,1.44546,1.35694,1.42392
SPLUS-d133,1.65482,1.5539,1.46807,1.41425,1.42253,1.27658,1.35337,1.1489,1.20689,1.11455,1.12282,1.16138
SPLUS-d136,1.80276,1.65689,1.47955,1.57167,1.54082,1.58468,1.49353,2.576,2.16751,1.8265,1.27068,1.35436
SPLUS-d137,2.46306,1.8092,1.60269,1.60513,1.59258,1.70739,1.50865,1.72015,1.36382,1.65255,1.32981,1.67376
SPLUS-d138,3.29097,3.01868,2.8244,2.8473,2.76361,2.6139,2.83474,2.78703,2.7809,2.54312,2.24457,2.29972
SPLUS-d139,1.76814,1.74813,1.56239,1.59385,1.62151,1.47182,1.36395,1.39265,1.33219,1.35821,1.56275,1.44067
SPLUS-d140,1.2976,1.23458,1.12631,1.12411,1.11014,1.18378,1.17159,1.19979,1.1763,1.1092,1.02285,1.06995
SPLUS-d141,2.8,2.60129,2.38563,2.19311,2.08412,2.14368,2.11524,2.07989,2.15856,1.76903,1.54509,1.71487
SPLUS-d142,2.36066,2.08006,2.09769,1.78854,1.65991,1.7365,1.69182,1.36026,1.40339,1.49567,1.47203,1.51333
SPLUS-d143,1.89847,1.89232,1.68787,1.64394,1.5067,1.38129,1.43283,1.28431,1.22795,1.23935,1.23664,1.20122
SPLUS-d145,2.31964,2.22448,2.09215,1.9904,1.67502,1.50966,1.63113,1.48679,1.4875,1.3797,1.37763,1.31685
SPLUS-d146,2.19312,1.95374,1.8079,1.69884,1.69194,1.48566,1.55843,1.44325,1.42452,1.33031,1.11817,1.19613
SPLUS-d147,1.74768,1.59426,1.52583,1.48324,1.47222,1.45393,1.40473,1.32667,1.5408,1.23486,1.20482,1.22577
SPLUS-d149,1.97056,1.87115,1.7311,1.84873,1.77705,1.97908,1.79385,1.98701,2.17352,1.77665,2.04428,1.59823
SPLUS-d150,2.28322,2.00236,1.79613,1.6915,1.55305,1.78155,1.61688,1.7657,1.7407,1.35016,1.32494,1.20836
SPLUS-d152,2.31583,1.92916,1.80708,1.81152,1.79339,1.60297,1.70356,1.61951,1.64313,1.53185,1.47539,1.39979
SPLUS-d153,2.12253,1.99094,1.57969,1.57658,1.53769,1.50595,1.50685,1.32266,1.3745,1.18706,1.21316,1.17132
SPLUS-d154,2.73754,2.35101,2.01264,2.10256,1.90608,1.97293,2.02881,1.8581,2.12699,1.76133,1.58608,1.74282
SPLUS-d155,1.67664,1.84925,1.62778,1.52038,1.36821,1.30051,1.25666,1.1986,1.22388,1.03376,1.02882,1.11068
SPLUS-d156,1.1327,1.05216,1.02249,1.02213,1.06544,1.02786,1.01783,1.00651,1.01029,1.02241,0.92831,1.0177
SPLUS-d157,2.5323,2.42912,2.16897,2.11833,2.06429,1.99543,2.01693,2.04648,2.1494,1.83661,1.9458,1.73076
SPLUS-d158,1.86118,1.62381,1.41026,1.44931,1.48734,1.43984,1.51055,1.45851,1.44372,1.30474,1.19442,1.15735
SPLUS-d159,1.72762,1.39271,1.5103,1.30567,1.35568,1.23728,1.26215,1.251,1.20187,1.18189,1.15986,1.16994
SPLUS-d160,1.53004,1.56233,1.63477,1.45697,1.44034,1.494,1.36043,1.32836,1.48283,1.39186,1.50184,1.53281
SPLUS-d161,1.82155,1.76578,1.73272,1.72843,1.52557,1.44925,1.55291,1.34175,1.40878,1.23894,1.14953,1.20162
SPLUS-d164,2.17861,2.0212,1.99195,1.78368,1.68753,1.77299,1.66401,1.69321,1.8987,1.41069,1.55016,1.23528
SPLUS-d165,1.53366,1.47814,1.44567,1.44877,1.42928,1.47246,1.43963,1.40596,1.64187,1.19097,1.4406,1.13234
SPLUS-d166,1.4879,1.35104,1.33848,1.33636,1.38602,1.40698,1.33249,1.23826,1.21751,1.25292,1.29101,1.37413
SPLUS-d168,1.39,1.324,1.347,1.376,1.34,1.345,1.309,1.311,1.267,1.269,1.199,1.293
SPLUS-d169,2.1148,2.01558,2.06058,1.88226,1.80664,1.82052,2.0297,1.71917,1.53885,1.47135,1.37915,1.48684
SPLUS-d170,2.37257,2.00812,1.8457,1.79516,1.69268,1.56392,1.60577,1.42236,1.62597,1.4607,1.31738,1.42473
SPLUS-d172,1.7823,1.69133,1.60636,1.51565,1.5073,1.48947,1.47478,1.38811,1.49714,1.23691,1.32747,1.16529
SPLUS-d174,1.97255,2.03222,1.82598,1.58324,1.78624,1.42504,1.5558,1.25802,1.4658,1.22274,1.37684,1.3017
SPLUS-d175,1.34382,1.28888,1.2819,1.26809,1.27546,1.30728,1.23994,1.15779,1.14759,1.18578,1.18734,1.18728
SPLUS-d176,1.42123,1.44619,1.38177,1.40421,1.33944,1.40917,1.25562,1.26598,1.22884,1.2022,1.15447,1.27322
SPLUS-d177,1.57878,1.37333,1.32355,1.29154,1.20651,1.14337,1.18984,1.0597,1.33333,1.01894,1.01242,0.99516
SPLUS-d178,1.57318,1.4044,1.41548,1.37869,1.38742,1.3287,1.26582,1.22194,1.17816,1.17332,1.17531,1.11433
SPLUS-d179,1.34826,1.41304,1.3171,1.29595,1.31034,1.31868,1.30016,1.27588,1.3443,1.08717,1.03128,1.07754
SPLUS-d180,1.51317,1.46246,1.45535,1.48631,1.4577,1.37063,1.42172,1.36477,1.33182,1.16048,1.17064,1.10659
SPLUS-d181,1.48322,1.34346,1.25566,1.20504,1.23775,1.34525,1.2204,1.319,1.2567,1.17046,1.209,1.22195
SPLUS-d182,1.51961,1.5102,1.42845,1.49288,1.44675,1.71539,1.55134,1.79923,1.2114,1.3875,1.13288,1.12252
SPLUS-d184,1.91766,1.62631,1.48812,1.49366,1.40604,1.31092,1.4543,1.27965,1.25635,1.29346,1.11543,1.18436
SPLUS-d185,1.76087,1.67795,1.45596,1.45982,1.41206,1.4232,1.32466,1.28693,1.20723,1.26735,1.17834,1.27249
SPLUS-d186,2.41016,2.18258,2.15773,1.9672,1.89873,1.93053,1.94344,1.91143,2.21719,1.81653,1.80591,1.62095
SPLUS-d187,1.72397,1.77501,1.83356,1.76914,1.73658,1.59245,1.53854,1.49649,1.65254,1.31341,1.30328,1.35577
SPLUS-d188,1.70272,1.63992,1.49133,1.57084,1.47366,1.31679,1.32133,1.20657,1.25805,1.14796,1.16288,1.11239
SPLUS-d189,1.85664,1.71314,1.51737,1.4157,1.43875,1.52876,1.31139,1.30538,1.20776,1.24534,1.17331,1.17777
SPLUS-d190,1.98657,1.84123,1.68093,1.61256,1.79531,1.66341,1.60219,1.56638,1.49934,1.47803,1.37926,1.44828
SPLUS-d191,1.32475,1.32481,1.28858,1.27798,1.30514,1.17389,1.17451,1.15023,1.21613,1.10516,1.11075,1.20988
SPLUS-d192,1.76933,1.79947,1.76354,1.4935,1.5146,1.27812,1.34388,1.1645,1.33153,1.20927,1.31807,1.45791
SPLUS-d194,1.91193,1.90155,1.91692,2.00592,1.7208,1.74094,1.4505,1.67182,1.7491,1.36657,1.67465,1.3965
SPLUS-d196,1.86163,1.7692,1.67743,1.62002,1.60537,1.62409,1.68452,1.89159,1.98391,1.56812,1.5478,1.43557
SPLUS-d197,1.77629,1.67406,1.71106,1.64949,1.48866,1.54914,1.56338,1.49274,1.71544,1.35654,1.3083,1.26414
SPLUS-d199,1.65756,1.65965,1.68814,1.55149,1.50908,1.41525,1.417,1.39392,1.43757,1.45721,1.30368,1.43923
SPLUS-d200,2.63274,2.07483,1.93299,1.83349,1.7051,1.75859,1.61556,1.51418,1.5122,1.43417,1.48995,1.43231
SPLUS-d201,2.42946,2.21912,2.2857,2.1375,1.73964,1.70809,1.847,1.76779,1.46483,1.40061,1.21533,1.24787
SPLUS-d202,1.58805,1.51821,1.41264,1.44665,1.2772,1.2314,1.22233,1.15205,1.11609,1.10987,1.08959,1.12866
SPLUS-d203,1.89421,1.83058,1.70065,1.6331,1.6186,1.57465,1.60559,1.55738,1.72133,1.4869,1.44675,1.56868
SPLUS-d204,1.67342,1.42879,1.24765,1.26236,1.18866,1.1926,1.14005,1.11565,1.24769,1.05081,1.09169,1.01452
SPLUS-d207,1.95015,1.75026,1.64791,1.60328,1.47438,1.30303,1.37764,1.26812,1.39309,1.05302,1.17711,1.04316
SPLUS-d208,1.8502,1.71842,1.55388,1.68823,1.67144,1.76845,1.80164,1.76804,2.16093,1.70369,1.82409,1.55515
SPLUS-d209,1.37034,1.21887,1.26933,1.20012,1.28392,1.17671,1.19381,1.15401,1.18426,1.15039,1.31333,1.24646
SPLUS-d210,1.77418,1.65498,1.69862,1.73427,1.60921,1.45115,1.46056,1.47052,1.65809,1.34376,1.39042,1.27001
SPLUS-d211,1.47236,1.3177,1.17584,1.12776,1.12708,1.14413,1.0959,1.07055,1.19294,1.08698,1.03119,1.13291
SPLUS-d212,1.84904,1.79389,1.641,1.56873,1.66646,1.58415,1.46561,1.67834,1.81616,1.56525,1.65137,1.46066
SPLUS-d213,2.02491,1.81539,1.77209,1.8864,2.00523,1.61414,1.81822,1.76365,2.12597,1.67059,1.74426,1.52796
SPLUS-d214,1.3256,1.38148,1.37323,1.41121,1.38829,1.28118,1.26282,1.37964,1.37049,1.15163,1.13281,1.13067
SPLUS-d215,1.58675,1.68551,1.90855,1.75382,1.92254,1.87314,1.88584,2.07787,1.65138,1.63288,1.08943,1.5134
SPLUS-d216,1.7664,1.59827,1.60912,1.45219,1.50444,1.27771,1.32118,1.20392,1.30042,1.19883,1.13308,1.17809
SPLUS-d217,1.68546,1.56356,1.46743,1.47854,1.43679,1.34692,1.32581,1.26499,2.17141,1.16214,1.17379,1.36636
SPLUS-d218,1.877,1.764,1.677,1.739,1.616,1.403,1.445,1.67,1.87,1.418,1.124,1.285
SPLUS-d220,1.49457,1.34627,1.33032,1.26798,1.20203,1.23274,1.16237,1.15417,1.51453,1.13646,1.2638,1.08344
SPLUS-d221,2.14762,2.14757,1.75931,1.55822,1.58713,1.57197,1.52303,1.54816,1.49204,1.3556,1.25281,1.45337
SPLUS-d222,1.78808,1.60264,1.53502,1.62646,1.46556,1.47731,1.38632,1.51187,1.34793,1.24535,1.15847,1.10548
SPLUS-d223,1.50957,1.6994,1.44083,1.45469,1.55738,1.27715,1.35642,1.31557,1.64298,1.40124,1.25858,1.33545
SPLUS-d224,1.746,2.421,1.416,1.448,1.528,1.556,1.783,1.328,1.471,1.143,1.233,1.096
SPLUS-d225,1.85557,1.72589,1.65238,1.65183,1.62659,1.52327,1.55384,1.44644,1.58077,1.37005,1.5118,1.23119
SPLUS-d226,1.94383,1.72678,1.68673,1.71075,1.66451,1.52764,1.63573,1.59412,1.60683,1.33911,1.18069,1.25781
SPLUS-d227,1.45988,1.36837,1.49833,1.3821,1.40349,1.15415,1.29479,1.31253,1.22471,1.11826,1.01226,1.05089
SPLUS-d228,1.79497,1.58682,1.58994,1.56639,1.66119,1.63909,1.68616,1.72278,2.1573,1.64114,1.84776,1.43487
SPLUS-d229,1.43042,1.48853,1.37138,1.37824,1.45158,1.32959,1.31574,1.21583,1.21525,1.15045,1.07268,1.18953
SPLUS-d230,2.00928,1.96982,1.74911,1.77981,1.64397,1.75921,2.03186,1.38008,1.54268,1.35523,1.38219,1.43268
SPLUS-d231,1.99529,2.07091,2.09854,1.97686,1.76674,1.76374,1.81914,1.87128,1.48911,1.52474,1.26611,1.41876
SPLUS-d232,1.27544,1.22177,1.15252,1.13352,1.11724,1.10498,1.05872,1.09411,1.11011,1.06414,1.01666,1.0624
SPLUS-d233,1.91288,1.56951,1.27407,1.31218,1.23099,1.19543,1.15618,1.29442,1.2354,1.1988,1.03029,1.17334
SPLUS-d235,1.5868,1.64692,1.69832,1.62826,1.5097,1.5468,1.48575,1.43152,1.38422,1.31677,1.15761,1.24773
SPLUS-d236,1.70176,1.56026,1.58421,1.53736,1.57651,1.56228,1.5438,1.66471,1.82982,1.51026,1.54346,1.32261
SPLUS-d239,1.23396,1.14079,1.14633,1.10725,1.07489,1.16338,1.09713,1.19674,1.20944,1.15095,1.05939,1.14898
SPLUS-d240,2.24686,2.00785,1.96842,1.97425,1.88109,1.79979,1.9,1.84281,1.87273,1.5457,1.67422,1.3711
SPLUS-d242,2.00709,1.93822,1.82838,1.76337,1.7298,1.95054,1.70989,1.74736,1.98553,1.56291,1.49226,1.32483
SPLUS-d243,1.68396,1.56306,1.56878,1.55691,1.50803,1.51006,1.52543,1.55137,1.70687,1.41043,1.2156,1.31146
SPLUS-d244,2.35202,2.25593,2.29434,1.89154,1.59163,1.35449,1.35932,1.36502,1.34997,1.35878,2.20358,1.21477
SPLUS-d245,1.92644,1.91641,1.98047,1.89144,1.60209,1.60055,1.64569,1.65498,1.86483,1.45268,1.48078,1.35005
SPLUS-d246,2.17828,2.44019,2.26224,2.21836,2.32015,1.95166,2.12154,1.9274,1.97901,1.49569,1.68507,1.3962
SPLUS-d247,1.72165,1.6325,1.63489,1.60739,1.44331,1.46385,1.41689,1.42144,1.32315,1.27401,1.3168,1.20551
SPLUS-d248,1.79735,1.62982,1.58507,1.51316,1.56895,1.44373,1.40976,1.43874,1.42379,1.27461,1.32491,1.35007
SPLUS-d249,1.50949,1.51452,1.52061,1.5521,1.5499,1.41476,1.46902,1.41804,1.52037,1.18936,1.24083,1.14152
SPLUS-d250,1.55488,1.35576,1.37069,1.37189,1.46846,1.37333,1.32223,1.29295,1.43975,1.34933,1.22444,1.24814
SPLUS-d251,1.70401,1.69932,1.95822,1.74636,1.63864,1.50389,1.5004,1.43245,1.31026,1.39317,1.12847,1.27329
SPLUS-d252,2.14963,2.12028,1.91268,1.81736,1.66873,1.55765,1.59408,1.58092,1.69607,1.32359,1.47464,1.16331
SPLUS-d253,1.26619,1.26303,1.24608,1.30265,1.25942,1.22968,1.27904,1.18838,1.28967,1.12872,1.05201,1.10731
SPLUS-d254,1.41539,1.53261,1.42392,1.44516,1.49837,1.36544,1.37308,1.28388,1.36351,1.18558,1.11985,1.13225
SPLUS-d255,1.64866,1.47854,1.42806,1.38563,1.33771,1.32855,1.2838,1.24311,1.32753,1.1072,1.10948,1.10277
SPLUS-d256,1.71475,1.77524,1.67807,1.65847,1.58421,1.39803,1.47198,1.35795,1.4597,1.21167,1.07936,1.14078
SPLUS-d257,1.70059,1.60054,1.50645,1.49935,1.46847,1.43343,1.49919,1.45029,1.43009,1.36384,1.32658,1.23499
SPLUS-d258,1.53742,1.58668,1.56866,1.52447,1.49673,1.44866,1.43971,1.50039,1.52923,1.17916,1.20027,1.12962
SPLUS-d259,1.61097,1.70105,1.52556,1.722,1.53394,1.39222,1.4859,1.35681,1.31181,1.26779,1.10629,1.1564
SPLUS-d260,1.5183,1.52344,1.47768,1.44525,1.44898,1.32627,1.32651,1.33686,1.31951,1.19447,1.05984,1.16308
SPLUS-d261,1.471,1.293,1.15,1.223,1.197,1.2,1.145,1.124,1.161,1.092,1.158,1.189
SPLUS-d262,1.78177,1.64944,1.73604,1.67465,1.61732,1.50722,1.60244,1.7067,1.67498,1.57231,1.28215,1.4588
SPLUS-d263,1.65979,1.62,1.8858,1.72994,1.59845,1.48905,1.46789,1.26512,1.73238,1.1928,1.68754,1.31971
SPLUS-d264,1.50968,1.36447,1.27644,1.26869,1.27952,1.28403,1.34089,1.17774,1.21948,1.17448,1.10577,1.18316
SPLUS-d266,1.59119,1.49983,1.45959,1.45828,1.41862,1.51395,1.40065,1.38783,1.26521,1.38371,1.19597,1.31798
SPLUS-d267,1.74938,1.826,1.77268,1.82095,1.90423,1.84426,1.71341,1.73109,1.58058,1.74694,1.78257,1.67081
SPLUS-d268,2.68196,2.20922,1.84965,2.0366,1.87223,2.15719,1.81786,1.78393,1.97214,1.77908,1.67156,1.86761
SPLUS-d269,2.47136,2.42536,2.25662,2.19963,2.30513,2.45243,2.12695,2.07451,1.66365,2.04155,1.98097,2.18007
SPLUS-d270,1.34265,1.77465,1.39231,1.38984,1.43711,1.34746,1.3339,1.261,1.21216,1.23792,1.10345,1.17163
SPLUS-d271,1.70572,1.54305,1.44647,1.45887,1.52843,1.39853,1.48395,1.38018,1.31654,1.22544,1.06567,1.16872
SPLUS-d272,2.12868,1.83102,1.73627,1.73936,1.96772,2.1919,2.04721,1.87325,1.80041,1.80703,1.46452,2.09845
SPLUS-d273,1.81992,1.64763,1.71016,1.61599,1.47082,1.41594,1.50123,1.45414,1.69183,1.37164,1.34611,1.30467
SPLUS-d274,1.71704,1.54116,1.52616,1.48466,1.44034,1.42696,1.46958,1.51738,1.53605,1.3949,1.3162,1.2262
SPLUS-d275,2.20056,2.00366,1.96888,1.85269,1.87419,1.80247,1.66103,1.78691,1.7388,1.84021,1.77338,1.94686
SPLUS-d276,1.33884,1.24137,1.22225,1.23162,1.28871,1.20746,1.18794,1.18855,1.32937,1.10493,1.15204,1.13944
SPLUS-d277,1.46124,1.53719,1.42934,1.36386,1.27001,1.27345,1.25233,1.15315,1.95134,1.88259,1.43793,1.54887
SPLUS-d278,1.91092,1.73849,1.75955,1.73706,1.88844,1.9864,1.8717,1.7307,1.9417,1.85608,1.82123,1.90082
SPLUS-d279,1.69274,1.78134,1.6485,1.66642,1.60796,1.49499,1.50393,1.44366,1.60002,1.27778,1.3003,1.21986
SPLUS-d280,1.41661,1.44327,1.37989,1.5079,1.44505,1.29989,1.28035,1.23558,1.17008,1.15516,1.13022,1.16506
SPLUS-d281,1.21635,1.26378,1.1336,1.19241,1.24936,1.21767,1.1875,1.15984,1.14283,1.04852,1.01469,1.05205
SPLUS-d282,2.273,2.062,1.786,2.47,2.117,1.991,1.815,2.393,2.133,1.635,1.809,1.601
SPLUS-d283,2.533,1.971,1.639,1.889,2.135,1.738,2.011,1.729,1.916,1.711,1.912,1.816
SPLUS-d284,1.80794,2.08926,3.19139,2.22321,1.49796,1.52378,1.52876,1.46737,1.48322,1.43851,1.16268,1.3765
SPLUS-d285,1.55385,1.62135,1.61962,1.54064,1.55575,1.47253,1.52392,1.45487,1.33607,1.12704,1.14106,1.12527
SPLUS-d286,1.76486,1.7664,1.62706,1.94968,1.45384,1.57452,1.52688,1.5451,1.49011,1.33399,1.29761,1.39429
SPLUS-d287,2.07605,2.10702,2.22154,2.01215,2.25349,2.05098,1.94255,1.74597,1.5436,1.546,1.60537,1.48323
SPLUS-d288,1.87756,1.88934,1.73874,1.63952,1.51394,1.43406,1.57605,1.35178,1.64869,1.30925,1.15482,1.2698
SPLUS-d289,1.52565,1.56165,1.61691,1.68205,1.89683,1.88983,1.78576,1.77628,1.78518,1.67238,1.71812,1.72564
SPLUS-d290,2.16775,1.9854,1.96642,1.99876,1.98043,1.87799,1.96377,1.78338,2.01679,1.7906,1.65919,1.55893
SPLUS-d291,1.46269,1.36864,2.46522,1.33663,1.3677,1.32205,1.29567,1.29831,1.4213,1.17551,1.35646,1.18359
SPLUS-d292,2.29478,2.1801,2.74274,1.87686,2.09577,1.79198,1.84861,1.90822,1.81208,1.78125,1.68134,1.65693
SPLUS-d293,2.72075,2.65154,1.26527,1.2686,1.2508,1.21018,1.1987,1.1291,1.20073,1.06797,1.12324,1.05571
SPLUS-d294,1.55662,1.52769,1.47043,1.40266,1.35008,1.45729,1.45228,1.5491,1.63446,1.36427,1.20843,1.28333
SPLUS-d295,1.55401,1.58684,1.74022,1.67564,1.5122,1.55123,1.56637,1.65712,1.67639,1.36707,1.31532,1.2864
SPLUS-d296,1.56565,1.42438,1.3285,1.38093,1.35493,1.27471,1.31819,1.19233,1.21819,1.08459,1.07639,1.11239
SPLUS-d297,2.41,1.819,1.512,1.386,1.303,1.292,1.27,1.422,1.307,1.293,1.204,1.301
SPLUS-d298,1.45561,1.61363,1.56468,1.76162,1.71929,1.54469,1.43915,1.49243,1.79914,1.14876,1.77411,1.41525
SPLUS-d299,1.90351,1.55715,1.49979,1.64585,1.89544,1.60069,1.60376,1.43525,1.57569,1.45136,1.67141,1.40394
SPLUS-d300,1.72298,1.6062,1.60081,1.64237,1.60873,1.46172,1.50522,1.39989,1.41129,1.22232,1.04208,1.11515
SPLUS-d301,1.41988,1.35963,1.5557,1.43389,1.2746,1.30191,1.33455,1.19496,1.24902,1.11598,1.04759,1.13805
SPLUS-d302,1.40971,1.36699,1.30445,1.28803,1.21729,1.28067,1.16483,1.13804,1.29798,1.08649,1.06216,1.18467
SPLUS-d303,1.54617,1.47758,1.44827,1.35303,1.33244,1.22837,1.21968,1.15652,1.21575,1.11053,1.18145,1.11726
SPLUS-d304,1.50417,1.35826,1.3104,1.35483,1.29319,1.38318,1.25762,1.1091,1.2238,1.01119,1.03652,0.99093
SPLUS-d305,1.70937,1.67472,1.54888,1.644,1.60034,1.53558,1.57845,1.47782,1.62954,1.23216,1.21677,1.17753
SPLUS-d306,1.69413,1.57655,1.52515,1.49478,1.3665,1.36588,1.33454,1.28313,1.41965,1.24021,1.19339,1.1486
SPLUS-d307,1.6177,1.88938,1.48107,1.3959,1.36696,1.25981,1.30977,1.26238,1.35419,1.12035,1.04972,1.12654
SPLUS-d308,1.289,1.275,1.216,1.22,1.118,1.141,1.171,1.338,1.337,1.223,1.149,1.151
SPLUS-d309,2.07721,2.37217,2.127,2.08517,1.88026,1.9619,1.73205,1.54802,1.49433,1.43754,1.31111,1.51919
SPLUS-d310,1.77336,1.68275,1.53309,1.39167,1.35318,1.29422,1.38611,1.28996,1.29866,1.17658,1.12466,1.11408
SPLUS-d311,1.64806,1.48706,1.37469,1.34931,1.27011,1.21521,1.22654,1.22361,1.18225,1.17293,1.11051,1.2134
SPLUS-d313,1.48337,1.32633,1.24849,1.31291,1.41425,1.42608,1.33767,1.37092,1.23923,1.74392,1.24765,1.40206
SPLUS-d314,2.68477,2.49067,2.42782,2.35022,2.2794,2.17998,2.22469,2.27764,2.37953,1.90562,1.81566,1.81469
SPLUS-d315,1.63984,1.40952,1.40281,1.28293,1.18763,1.18943,1.22993,1.14266,1.19839,1.17054,1.23416,1.05314
SPLUS-d317,1.33184,1.28796,1.24958,1.23403,1.20083,1.21224,1.17848,1.34941,1.28717,1.15861,1.06634,1.12146
SPLUS-d318,1.90807,2.08096,1.83165,1.99547,2.01487,1.98965,2.00351,1.93111,1.95441,1.5624,1.43617,1.53834
SPLUS-d319,1.45877,1.55422,1.42492,1.42921,1.352,1.28763,1.33372,1.28133,1.33363,1.10702,1.12851,1.09542
SPLUS-d320,1.68647,1.57076,1.45975,1.44366,1.39386,1.45044,1.29674,1.24197,1.25077,1.22991,1.18132,1.39822
SPLUS-d321,1.84768,1.85977,1.73558,1.76542,1.93908,1.93622,2.17555,2.12857,1.97995,1.68782,1.52953,1.44968
SPLUS-d322,1.30262,1.37337,1.34872,1.41285,1.40731,1.3839,1.29895,1.22564,1.23379,1.33219,1.18994,1.39648
SPLUS-d323,1.68173,1.46342,1.40809,1.42284,1.48935,1.80836,1.79038,2.06222,1.84711,1.58689,1.5706,1.49109
SPLUS-d324,1.43845,1.3816,1.51315,1.53607,1.51318,1.3483,1.50294,1.49875,1.4302,1.09277,1.0492,1.06894
SPLUS-d325,1.69862,1.63567,1.57499,1.43495,1.45712,1.53908,1.52206,1.52788,1.6779,1.3333,1.27419,1.37784
SPLUS-d326,1.37404,1.33489,1.24672,1.21956,1.20707,1.15702,1.14453,1.10311,1.0659,1.1068,1.10332,1.20448
SPLUS-d327,1.33322,1.35584,1.41962,1.33859,1.36391,1.30663,1.35221,1.15228,1.21994,1.17284,1.11363,1.29593
SPLUS-d328,1.9114,1.74835,1.73374,1.57889,1.53255,1.75662,1.62739,1.72834,1.52553,1.39591,1.35726,1.24097
SPLUS-d329,1.30062,1.25898,1.16207,1.28006,1.28612,1.17693,1.21823,1.10742,1.16875,1.11167,1.07041,1.12792
SPLUS-d330,2.57774,2.56468,2.87689,2.78005,2.76851,2.92829,2.72875,2.70777,3.14677,3.26761,3.45656,3.47664
SPLUS-d331,1.45722,1.346,1.35222,1.40436,1.25585,1.18566,1.15971,1.28643,1.21422,1.11871,1.0928,1.17338
SPLUS-d334,1.9517,1.94286,1.61188,1.62565,1.54959,1.55217,1.51592,1.5994,1.82813,1.4849,1.37651,1.33444
SPLUS-d335,1.68075,1.32109,1.17434,1.10832,1.08533,1.15522,1.07829,1.14909,1.16649,1.11574,1.06017,1.16477
SPLUS-d336,1.75898,1.55064,1.50612,1.42789,1.23965,1.12259,1.20649,1.13897,1.23358,1.099,1.02576,1.03832
SPLUS-d338,1.37918,1.32247,1.27805,1.28878,1.20459,1.15685,1.18584,1.24425,1.1874,1.14086,1.01274,1.09259
SPLUS-d339,1.37751,1.30744,1.17511,1.24707,1.23431,1.1774,1.16797,1.18878,1.1914,1.10633,1.08271,1.04655
SPLUS-d340,1.47791,1.50842,1.44375,1.30797,1.28926,1.24479,1.24574,1.30105,1.29553,1.1412,1.15482,1.07706
SPLUS-d341,1.82178,1.89631,1.7603,1.77467,1.85975,1.86407,1.77923,1.68934,1.73215,1.47314,1.42589,1.34219
SPLUS-d342,1.48817,1.5815,1.54431,1.54404,1.49694,1.39602,1.41084,1.3942,1.27183,1.13688,1.14386,1.11276
SPLUS-d343,1.41107,1.34756,1.37428,1.41265,1.4651,1.38322,1.32734,1.26134,1.25623,1.22674,1.16793,1.2156
SPLUS-d344,1.45219,1.42915,1.38723,1.45251,1.46234,1.47625,1.42632,1.36237,1.27141,1.33833,1.17315,1.30593
SPLUS-d345,1.47227,1.38435,1.30527,1.36077,1.31677,1.28605,1.27909,1.21251,1.21417,1.1152,1.10154,1.14524
SPLUS-d346,1.59984,1.49174,1.50289,1.5893,1.51234,1.60062,1.4714,1.36943,1.48667,1.48046,1.53639,1.56565
SPLUS-d347,2.00923,1.86744,1.6461,1.57656,1.40047,1.55947,1.40987,1.56988,1.42996,1.37896,1.14033,1.33477
SPLUS-d351,2.10568,2.26273,1.94164,1.95792,1.84778,1.81136,1.85878,3.07253,1.71272,1.46394,1.2863,1.39024
SPLUS-d352,2.02743,1.75453,1.69401,1.6245,1.53773,1.40072,1.47094,1.31914,1.71369,1.2037,1.27622,1.1965
SPLUS-d353,2.00063,1.96787,1.7602,1.70365,1.62593,1.68275,1.6352,1.6448,1.60998,1.32511,1.188,1.22149
SPLUS-d356,2.10544,2.01964,1.98208,1.97456,1.66298,1.62996,1.96572,1.97111,1.89385,1.37921,1.42324,1.82674
SPLUS-d357,1.67295,1.56656,1.5441,1.49993,1.4883,1.4843,1.47667,1.3735,1.4117,1.47005,1.30994,1.20751
SPLUS-d358,1.6471,1.7096,1.56815,1.50824,1.45997,1.28431,1.37338,1.42858,1.49532,1.19292,1.1155,1.10114
SPLUS-d359,1.20343,1.1918,1.10117,1.09469,1.07583,1.10909,1.04479,1.02293,1.04961,0.97457,1.02169,1.0252
SPLUS-d360,1.54592,1.4031,1.26756,1.30808,1.39811,1.26377,1.72132,2.02125,1.2076,1.28846,1.50961,2.27277
SPLUS-d361,2.00629,1.87424,1.80782,1.65643,1.56727,1.37153,1.59517,1.57914,1.59256,1.26158,1.27426,1.29244
SPLUS-d362,1.81627,1.79007,1.86297,2.00994,1.87194,2.38246,1.83995,2.80523,3.09138,5.01845,2.50017,4.47057
SPLUS-d363,1.36184,1.2669,1.10916,1.10388,1.12656,1.13685,1.09941,1.12293,1.22762,1.08382,1.06046,1.11867
SPLUS-d364,1.87695,1.74161,1.47367,1.392,1.51678,1.60781,1.4413,1.39668,1.56782,1.22639,1.33725,1.33499
SPLUS-d366,2.03505,1.94059,1.76907,1.70567,1.61701,1.61009,1.65519,1.81865,1.77004,1.30435,1.34713,1.2666
SPLUS-d367,1.51053,1.45679,1.32472,1.29191,1.33244,1.37141,1.42816,1.35024,1.51105,1.1259,1.06428,1.1119
SPLUS-d372,1.60566,1.41249,1.40398,1.36669,1.32831,1.39474,1.34713,1.29445,1.36246,1.1925,1.17741,1.19802
SPLUS-d373,1.3086,1.70507,1.33388,1.3316,1.35991,1.28913,1.25906,1.18113,1.254,1.0849,1.05592,1.04678
SPLUS-d374,2.11867,2.12947,2.11359,1.90935,1.75789,1.64029,1.6076,1.50804,1.40506,1.49516,1.23024,1.38038
SPLUS-d375,2.4386,2.41846,2.19178,2.25277,2.15656,1.95544,2.1192,1.9336,2.09284,1.6684,1.41738,1.45441
SPLUS-d376,1.34491,1.37969,1.26687,1.2212,1.61041,1.21707,1.18387,1.1497,1.14627,1.14718,1.2681,1.15859
SPLUS-d377,1.43758,1.50863,1.36923,1.28735,1.37168,1.34261,1.34728,1.27051,1.27528,1.21421,1.22104,1.24833
SPLUS-d378,2.50595,2.20025,2.16226,2.17009,2.06407,2.10022,2.05561,2.09535,2.16921,1.84672,1.8592,1.66017
SPLUS-d379,1.46544,1.34032,1.27783,1.29527,1.24619,1.275,1.20568,1.20636,1.21141,1.16004,1.04722,1.10315
SPLUS-d386,1.85713,1.60239,1.69434,1.59307,1.58042,1.53916,1.54963,1.407,1.65988,1.3203,1.37943,1.35479
SPLUS-d387,2.35727,2.23381,2.08094,1.75739,1.86226,1.70576,1.84452,1.56516,1.91634,1.55177,1.95735,1.57838
SPLUS-d388,1.35517,1.37346,1.29921,1.34145,1.24407,1.22851,1.20575,1.20626,1.29608,1.16041,1.20172,1.18431
SPLUS-d389,1.81972,1.55719,1.3414,1.34765,1.35624,1.43779,1.28706,1.37531,1.57831,1.20251,1.1697,1.10204
SPLUS-d390,1.31971,1.33742,1.3229,1.18993,1.299,1.49089,1.41141,1.30272,1.26027,1.26296,1.11153,1.18298
SPLUS-d391,2.8389,2.29543,1.89059,2.00106,1.76285,1.73655,1.57355,1.45959,1.63692,1.47116,1.60099,1.57466
SPLUS-d392,1.38362,1.28726,1.26438,1.28783,1.21653,1.1774,1.21369,1.22508,1.29316,1.1761,1.08919,1.06767
SPLUS-d393,2.14767,1.98731,2.07023,1.85065,1.74629,1.65809,1.67619,1.53968,1.70794,1.41941,1.42403,1.34564
SPLUS-d401,2.02399,1.61362,1.61228,1.54568,1.45433,1.40338,1.34882,1.36544,1.63178,1.12161,1.19054,1.09971
SPLUS-d402,1.73571,1.56047,1.59062,1.58283,1.49573,1.43055,1.52807,1.49664,1.51932,1.26643,1.10434,1.1338
SPLUS-d403,1.5857,1.54037,1.58147,1.56697,1.46718,1.31991,1.35901,1.29016,1.60273,1.11536,1.12419,1.0737
SPLUS-d404,1.56474,1.50276,1.41591,1.32452,1.45184,1.32471,1.28492,1.35274,1.41475,1.12712,1.15065,1.17224
SPLUS-d405,2.13466,2.05526,1.91264,1.76843,1.82287,1.98109,1.93788,1.74912,1.61268,1.42021,1.27001,1.29314
SPLUS-d406,1.57169,1.43737,1.43182,1.47576,1.32818,1.21877,1.26031,1.2883,1.44414,1.15957,1.1179,1.0881
SPLUS-d407,1.41718,1.31616,1.20981,1.1977,1.23594,1.31387,1.23579,1.1791,1.38098,1.15172,1.18398,1.17012
SPLUS-d408,1.4958,1.76063,1.8537,1.47253,1.35645,1.45188,1.30677,1.32773,1.3396,1.54247,1.25407,1.45401
SPLUS-d415,1.53113,1.2995,1.1945,1.21009,1.20919,1.19958,1.16086,1.13035,1.27164,1.04124,1.06911,1.08328
SPLUS-d416,1.7354,1.6283,1.63823,1.63444,1.6029,1.5358,1.49452,1.45426,1.2916,1.26914,1.26654,1.24499
SPLUS-d417,2.16288,1.87913,1.92959,2.08612,2.14232,1.94064,1.99573,2.11455,2.07255,1.75532,1.77891,1.56924
SPLUS-d418,1.50768,1.53194,1.46311,1.49099,1.37823,1.42499,1.39558,1.29123,1.38162,1.2353,1.31961,1.19962
SPLUS-d419,1.72146,1.40685,1.32811,1.28684,1.24441,1.21031,1.24228,1.20195,1.42696,1.05713,1.03979,1.01425
SPLUS-d420,1.33733,1.35647,1.36496,1.46946,1.43503,1.40569,1.37946,1.44119,1.36748,1.23024,1.05804,1.18782
SPLUS-d421,1.67073,1.58279,1.50343,1.42451,1.41775,1.53716,1.39421,1.52785,1.72067,1.37422,1.60539,1.40088
SPLUS-d429,1.81566,1.5747,1.34752,1.4118,1.41118,1.41738,1.42955,1.36954,1.86941,1.37878,1.63968,1.27649
SPLUS-d430,1.67446,1.57171,1.52988,1.60987,1.47445,1.54685,1.47266,1.43763,1.58686,1.29055,1.49393,1.25412
SPLUS-d431,2.55819,2.16204,1.93422,1.92927,1.93328,1.6112,1.65079,1.61256,1.55672,1.41438,1.63366,1.26919
SPLUS-d433,1.51372,1.43474,1.37725,1.39379,1.37753,1.45054,1.3356,1.27831,1.2748,1.20725,1.1784,1.19336
SPLUS-d434,2.39007,2.50113,2.04481,1.92984,2.00771,2.19556,1.91329,2.25021,1.85366,2.3265,2.02086,2.33489
SPLUS-d435,1.70132,1.74599,1.49401,1.29573,1.22253,1.26962,1.19224,1.18572,1.24759,1.26643,1.12641,1.25626
SPLUS-d442,1.82052,1.57355,1.50146,1.46654,1.38452,1.50377,1.40519,1.49751,1.6018,1.20224,1.29069,1.21221
SPLUS-d443,1.61461,1.50428,1.46829,1.4974,1.41159,1.44684,1.48624,1.53003,1.50855,1.29538,1.21662,1.19248
SPLUS-d445,2.13202,1.98812,1.79428,1.845,1.85484,1.84596,1.92146,1.96809,2.15989,1.66935,1.73629,1.53564
SPLUS-d446,1.42708,1.32066,1.23869,1.22918,1.2918,1.32104,1.23602,1.17343,1.21728,1.14847,1.28269,1.22397
SPLUS-d452,1.52549,1.35927,1.33151,1.2574,1.22967,1.31031,1.185,1.26166,1.31872,1.1845,1.23411,1.2178
SPLUS-d453,1.67298,1.58848,1.50263,1.45256,1.58728,1.73919,1.58305,1.76614,1.71132,1.56347,1.42048,1.55406
SPLUS-d454,2.29772,2.02096,2.28514,2.33565,2.352,2.1939,2.40476,2.35555,2.5032,1.99944,2.12927,1.96349
SPLUS-d455,1.67198,1.47797,1.41784,1.46314,1.42655,1.42922,1.50739,1.44724,1.48753,1.21138,1.14703,1.14974
SPLUS-d456,1.36235,1.32157,1.3244,1.22209,1.17649,1.34392,1.10342,1.21208,1.43992,1.33294,1.24886,1.44288
SPLUS-d457,1.46606,1.33875,1.36547,1.3465,1.38404,1.47545,1.35623,1.29267,1.35422,1.21282,1.25147,1.18957
SPLUS-d464,1.7404,1.71057,1.57305,1.59225,1.54125,1.59078,1.41175,1.61268,1.54918,1.54813,1.51393,1.44559
SPLUS-d465,1.73739,1.88156,1.84734,1.73148,1.93842,1.95755,1.71241,1.58529,1.59398,1.57481,1.62605,1.65607
SPLUS-d466,1.50581,1.43072,1.47527,1.43703,1.26509,1.26349,1.24425,1.20889,1.19207,1.15035,1.0799,1.15224
SPLUS-d467,1.56479,1.42248,1.42935,1.53702,1.51303,1.53103,1.4547,1.53509,1.80437,1.31178,1.55769,1.26124
SPLUS-d468,1.96882,1.74995,1.95456,1.68234,1.71773,2.23527,1.85992,2.28829,2.23668,2.12779,1.99083,1.95012
SPLUS-d475,1.59019,1.66936,1.59592,1.65386,1.68073,1.55212,1.58349,1.50764,1.61029,1.24639,1.53164,1.40785
SPLUS-d476,1.91916,1.80206,1.73978,1.85069,1.91092,1.82339,1.64532,1.61727,1.57617,1.70101,1.68342,1.94351
SPLUS-d477,1.91034,1.69344,1.70527,1.65073,1.80051,1.64543,1.62499,1.59454,1.63176,1.49161,1.44484,1.46269
SPLUS-d478,1.79469,1.50685,1.41564,1.36222,1.29014,1.3869,1.33344,1.36625,1.54269,1.19987,1.26192,1.16688
SPLUS-d480,2.35562,2.29803,2.20069,2.02872,2.13334,2.17975,2.01365,1.83907,2.04417,1.79739,2.15528,2.04577
SPLUS-d485,2.51034,2.26438,2.19635,2.15965,2.11405,2.26743,2.18535,2.49587,2.5719,2.21874,2.12935,2.01556
SPLUS-d487,1.6297,1.65246,1.66288,1.67296,1.62115,1.57607,1.51064,1.34687,1.31314,1.44106,1.33289,1.58931
SPLUS-d489,1.3151,1.18602,1.22678,1.24313,1.23506,1.35794,1.20539,1.28307,1.43604,1.14621,1.18319,1.1715
SPLUS-d493,1.432,1.36107,1.16395,1.12137,1.13442,1.23748,1.16593,1.20915,1.20633,1.15006,1.12008,1.16178
SPLUS-d501,2.26664,2.20271,2.10066,1.99814,1.89216,2.44391,2.22729,2.0697,1.77766,1.52197,1.38512,1.3848
SPLUS-d504,1.53189,1.45465,1.47253,1.48378,1.44454,1.61804,1.47884,1.37712,1.48096,1.29922,1.3191,1.4053
SPLUS-d509,1.86917,1.70097,1.61605,1.52403,1.55895,1.39602,1.40422,1.36553,1.4358,1.22505,1.22954,1.14016
SPLUS-d510,2.30998,2.07427,1.85456,1.87787,1.86225,1.65862,2.09552,1.61666,1.94328,1.73433,1.50338,2.01851
SPLUS-d511,1.91272,1.6765,1.71216,1.60959,1.43619,1.46332,1.44674,1.42914,1.71955,1.27212,1.39193,1.22414
SPLUS-d515,1.52997,1.35634,1.29407,1.23254,1.14556,1.17944,1.11905,1.21507,1.21361,1.14899,1.08409,1.12548
SPLUS-d516,1.86762,1.89877,1.546,1.39634,1.4088,1.539,1.4033,1.34959,1.21986,1.33207,1.12709,1.33649
SPLUS-d517,1.96076,1.84417,1.90752,1.94713,1.69839,1.78172,1.63858,1.65825,1.62762,1.44358,1.29386,1.35
SPLUS-d521,1.47188,1.25796,1.32031,1.2636,1.30676,1.34637,1.3114,1.31718,1.53488,1.38418,1.31429,1.42562
SPLUS-d522,1.59,1.457,1.387,1.372,1.602,1.931,1.722,1.763,1.545,1.479,1.448,1.508
logs,,,,,,,,,,,,
